ID,lineage
1,B.1.1.7
2,B.1.1.7
3,D.2
4,B.1.617.2
5,B.1.429
6,B.1.1.7
7,B.1.1.7
8,B.1.1.7
9,B.1.1.7
10,AY.4
11,B.1.2
12,B.1.2
13,B.1.1.7
14,B.1.1.7
15,B.1.1.7
16,AY.12
17,AY.4
18,B.1.427
19,B.1.1
20,B.1.2
21,B.1.243
22,B.1.1.7
23,B.1.427
24,B.1.1.7
25,B.1.429
26,B.1.427
27,B.1.1.7
28,B.1.1.7
29,B.1.2
30,B.1
31,B.1.1.7
32,B.1.1.7
33,B.1.1.7
34,B.1.1.7
35,B.1.1.7
36,B.1.177
37,B.1.1.7
38,B.1.1.7
39,B.1.1
40,B.1.351
41,B.1.1.7
42,B.1.177.21
43,P.1
44,B.1.2
45,B.1.1.7
46,P.1
47,B.1.1.7
48,B.1.1.7
49,B.1.1.7
50,B.1.1.7
51,AY.4
52,B.1.1.7
53,B.1.1.7
54,B.1
55,B.1.1.7
56,AY.4
57,B.1.1.7
58,B.1.1.7
59,B.1.1.7
60,B.1.258
61,B.1.1.7
62,B.1.1.7
63,B.1.1.7
64,B.1.1.7
65,B.1.1.7
66,B.1.1.7
67,B.1.1.7
68,B.1.1.7
69,B.1.1.7
70,B.1.160
71,B.1.1.7
72,B.1
73,B.1.1.519
74,B.1.526
75,B.1.1.7
76,B.1.177
77,B.1.221
78,B.1.1.7
79,B.1.617.2
80,B.1
81,P.1
82,B.1.617.2
83,B.1.1.7
84,B.1.1.7
85,B.1
86,B.1.1.7
87,AY.4
88,B.1.1.7
89,B.1.617.2
90,AY.4
91,B.1.1.7
92,AY.4
93,B.1.2
94,AY.4
95,R.1
96,B.1.1.7
97,D.2
98,B.1.429
99,B.1.221
100,B.1.177
101,B.1.1.519
102,B.1.1.7
103,B.1.177
104,B.1
105,B.1.1.7
106,B.1.1.7
107,B.1.1.7
108,B.1.617.2
109,B.1.1.7
110,B.1
111,B.1.1.7
112,B.1.1.7
113,B.1.351
114,AY.4
115,B.1.1.7
116,B.1.617.2
117,B.1.617.2
118,P.1
119,B.1.617.2
120,B.1.1.7
121,AY.12
122,B.1
123,B.1.1.519
124,B.1.1.214
125,B.1.617.2
126,B.1.1.7
127,B.1.1.7
128,B.1.1.7
129,AY.4
130,B.1.1.7
131,B.1.1.7
132,AY.4
133,B.1.243
134,B.1.1.7
135,B.1.1.7
136,B.1.177.21
137,B.1.1.7
138,B.1.2
139,B.1.617.2
140,B.1.1.7
141,AY.4
142,B.1.1.7
143,AY.4
144,B.1.1.7
145,B.1.1.7
146,B.1.1.7
147,B.1.177
148,B.1.177
149,B.1.1.7
150,AY.4
151,B.1.1.7
152,B.1.617.2
153,B.1.1.519
154,B.1.429
155,B.1.1.7
156,B.1.1.7
157,B.1.1.7
158,B.1.1.7
159,B.1.2
160,B.1.1.7
161,B.1.1.7
162,B.1.1.7
163,B.1.617.2
164,AY.12
165,B.1.1
166,B.1
167,B.1.2
168,B.1.1.7
169,B.1.177
170,B.1.1.7
171,B.1.617.2
172,B.1.1.7
173,B.1.1.7
174,AY.4
175,B.1.1.7
176,B.1.1.7
177,B.1.177
178,B.1.2
179,B.1.617.2
180,B.1.1.7
181,B.1.427
182,B.1.2
183,B.1.1.7
184,B.1.258
185,B.1.1
186,AY.4
187,B.1.1.7
188,AY.12
189,B.1.2
190,B.1.1.7
191,B.1.1.7
192,B.1
193,B.1.1.7
194,B.1.1.7
195,AY.12
196,B.1.177
197,B.1.1.7
198,B.1.1.7
199,AY.12
200,B.1.1.7
201,B.1.1.519
202,AY.4
203,B.1.2
204,P.1
205,B.1.617.2
206,B.1.617.2
207,B.1.1.7
208,B.1.1.7
209,B.1.617.2
210,B.1.1.7
211,B.1.177
212,B.1.1.7
213,B.1.1.7
214,B.1.1
215,B.1.1.7
216,B.1.1.7
217,AY.4
218,B.1.243
219,B.1.1
220,B.1.1.7
221,B.1.1.7
222,B.1.617.2
223,B.1.617.2
224,B.1.2
225,AY.4
226,B.1.2
227,B.1.177
228,B.1.1.7
229,B.1.1.7
230,B.1.1.7
231,B.1.1.7
232,B.1.1
233,B.1.1.7
234,AY.4
235,B.1.1.7
236,B.1.617.2
237,B.1.160
238,B.1.1.7
239,B.1.617.2
240,B.1.1.7
241,P.1
242,B.1.617.2
243,B.1.1.7
244,B.1.1.7
245,B.1
246,B.1
247,B.1.617.2
248,B.1.1.7
249,B.1.1.7
250,B.1
251,B.1.1.7
252,B.1.617.2
253,P.1
254,B.1.617.2
255,B.1.617.2
256,AY.4
257,B.1.1.7
258,B.1.177
259,B.1.160
260,B.1.1.7
261,P.1
262,B.1.1.7
263,B.1
264,B.1.617.2
265,B.1.1.7
266,P.1
267,B.1.2
268,B.1.1.7
269,B.1.177
270,AY.4
271,B.1.617.2
272,B.1.1.214
273,B.1.2
274,B.1.617.2
275,AY.4
276,AY.4
277,B.1
278,AY.4
279,B.1.1.7
280,B.1.2
281,B.1.617.2
282,B.1.1.214
283,B.1.1.7
284,B.1.1.7
285,AY.4
286,B.1.2
287,B.1.1.7
288,P.1
289,B.1.617.2
290,AY.12
291,B.1.617.2
292,B.1.2
293,B.1.1.7
294,AY.4
295,B.1.2
296,B.1.617.2
297,B.1.617.2
298,B.1.1.7
299,B.1.617.2
300,B.1.617.2
301,B.1.617.2
302,B.1.1.7
303,B.1.1.7
304,B.1.617.2
305,B.1.1.7
306,B.1.1.7
307,B.1.1.7
308,B.1.1.7
309,B.1.2
310,B.1.617.2
311,B.1.1.7
312,B.1.1.7
313,P.1
314,B.1.1.7
315,B.1
316,B.1.1.7
317,B.1.617.2
318,B.1.617.2
319,B.1.617.2
320,B.1.526
321,B.1.1.7
322,B.1.1.7
323,B.1
324,B.1.1.7
325,B.1.1.7
326,B.1.1.7
327,B.1.1.7
328,B.1.1.7
329,B.1.617.2
330,B.1.617.2
331,AY.4
332,B.1.1.7
333,B.1.1.7
334,B.1.1.7
335,B.1.1.7
336,B.1.1.7
337,B.1.1.7
338,AY.4
339,B.1.1.7
340,B.1.1.7
341,B.1.1.7
342,B.1.617.2
343,B.1.2
344,B.1.2
345,B.1.617.2
346,AY.4
347,B.1.1.7
348,B.1.1.7
349,B.1.1.7
350,B.1.1.7
351,B.1.1.7
352,B.1.1.7
353,B.1.429
354,B.1.1.7
355,B.1.429
356,B.1.221
357,B.1.160
358,B.1.1.7
359,B.1.1.7
360,B.1.1.7
361,B.1.617.2
362,R.1
363,B.1.1.214
364,B.1.177
365,B.1
366,B.1.1.7
367,B.1.177
368,B.1.1.7
369,B.1.617.2
370,AY.4
371,AY.12
372,B.1.1.7
373,B.1.617.2
374,B.1.1.7
375,B.1.1.7
376,B.1.1.519
377,B.1
378,B.1.1
379,B.1.177
380,B.1.1.7
381,B.1.1.7
382,B.1.1.7
383,B.1.1
384,B.1.1.7
385,B.1.1.7
386,B.1
387,B.1.1.7
388,B.1.1.7
389,B.1.1.7
390,AY.4
391,B.1.1.7
392,B.1.1
393,AY.4
394,AY.4
395,B.1.2
396,B.1.1.7
397,B.1.1.7
398,B.1.617.2
399,P.1
400,B.1.1.7
401,P.1
402,B.1.1.7
403,AY.4
404,B.1.1.7
405,B.1.1.7
406,B.1.1.7
407,B.1.1.7
408,P.1
409,B.1.617.2
410,B.1.1.7
411,B.1.351
412,B.1.1.7
413,B.1
414,B.1.1.7
415,B.1.1.7
416,AY.4
417,P.1
418,B.1.1.7
419,B.1.1.7
420,B.1.1.7
421,B.1.221
422,B.1.1.7
423,P.1
424,B.1.617.2
425,B.1.1.7
426,B.1.1.7
427,B.1.1.7
428,B.1.1.7
429,B.1.1.519
430,B.1.1.7
431,B.1.1.7
432,B.1.1.7
433,B.1.1.7
434,B.1.177
435,B.1.1.7
436,B.1.160
437,B.1.160
438,B.1.429
439,B.1.1
440,B.1.1.7
441,B.1
442,B.1.1.7
443,B.1.1.7
444,B.1.1.7
445,B.1.1.7
446,B.1.1.7
447,B.1.1.7
448,B.1.1.7
449,B.1.1.7
450,B.1.177.21
451,B.1.1.7
452,B.1.1.7
453,P.1
454,B.1.1.7
455,B.1.617.2
456,AY.4
457,B.1.1.7
458,B.1.1.7
459,B.1.1.7
460,B.1.2
461,B.1
462,B.1.1.7
463,B.1.1
464,B.1.617.2
465,D.2
466,B.1.1.7
467,B.1.1.7
468,B.1
469,AY.4
470,AY.4
471,B.1.1.7
472,B.1.1.7
473,B.1.2
474,B.1.1.7
475,P.1
476,B.1.1.7
477,B.1.1
478,B.1.1.7
479,B.1.1.7
480,B.1.617.2
481,B.1.1.7
482,B.1.1.7
483,B.1.617.2
484,B.1.1.7
485,B.1.617.2
486,B.1.2
487,P.1
488,B.1.1.7
489,B.1.1.7
490,B.1.617.2
491,AY.4
492,B.1.1.7
493,B.1.617.2
494,AY.4
495,B.1.1.7
496,B.1.617.2
497,B.1.1.7
498,B.1.1.7
499,P.1
500,AY.4
501,P.1
502,AY.12
503,B.1.2
504,B.1.526
505,B.1.1.7
506,B.1.1.7
507,B.1.243
508,B.1.526
509,B.1.1.7
510,B.1.617.2
511,B.1.1.7
512,B.1.1
513,B.1.1.7
514,B.1
515,B.1
516,B.1.1.7
517,B.1.1.7
518,P.1
519,B.1.617.2
520,B.1.1.7
521,B.1.526
522,B.1.1.7
523,B.1.1.7
524,B.1.1.7
525,B.1.1.7
526,B.1.427
527,B.1.1.7
528,B.1.1.7
529,B.1.1.7
530,B.1.1.7
531,B.1.1.7
532,B.1.1.7
533,B.1.617.2
534,B.1.1.7
535,B.1.1.7
536,B.1.1.7
537,B.1.429
538,P.1
539,B.1.1.7
540,B.1.177
541,B.1.617.2
542,B.1.1.7
543,B.1.1.7
544,B.1.1.7
545,B.1.617.2
546,P.1
547,B.1.1.7
548,B.1.617.2
549,B.1.2
550,B.1.1.7
551,B.1.2
552,AY.4
553,B.1.258
554,AY.4
555,B.1.429
556,B.1.1.7
557,B.1.617.2
558,AY.4
559,B.1.1.214
560,AY.4
561,AY.4
562,B.1.1.7
563,B.1.1.7
564,B.1.1.7
565,B.1.1.7
566,B.1.1.7
567,B.1
568,B.1.617.2
569,B.1.1.7
570,B.1.617.2
571,AY.4
572,B.1.1.7
573,B.1.617.2
574,B.1.617.2
575,B.1.2
576,B.1.617.2
577,B.1.1.7
578,B.1.1.7
579,B.1.429
580,B.1.1.7
581,B.1.1.7
582,B.1.1.7
583,B.1.1.7
584,B.1.617.2
585,B.1.1.7
586,B.1.1.7
587,AY.4
588,B.1.177
589,AY.4
590,B.1.1.7
591,B.1.1.7
592,B.1.1.7
593,B.1.1.7
594,B.1.1.7
595,B.1.1.7
596,B.1.1.7
597,B.1.1.7
598,B.1.1.7
599,B.1.1.7
600,B.1.1.7
601,B.1.2
602,B.1.1.7
603,B.1.1.7
604,B.1.1.7
605,B.1.1.7
606,B.1.1
607,B.1.1
608,B.1.1.7
609,B.1.617.2
610,B.1.1.7
611,B.1.1
612,AY.4
613,B.1.2
614,B.1.1.7
615,B.1.1.7
616,B.1.1.7
617,B.1.1.7
618,B.1.617.2
619,B.1.526
620,B.1.1.7
621,B.1.1.7
622,AY.12
623,P.1
624,B.1.1.7
625,B.1.1
626,B.1.1.7
627,B.1.1.7
628,B.1.1
629,B.1.1.7
630,B.1.1.7
631,B.1.617.2
632,B.1.177
633,B.1.1.7
634,B.1.617.2
635,B.1.617.2
636,B.1.1.7
637,B.1.1.7
638,B.1.1.7
639,B.1.1.7
640,B.1.1.519
641,B.1.1.519
642,B.1.2
643,B.1.1.7
644,B.1
645,B.1.1.7
646,B.1.1.7
647,B.1.2
648,B.1.617.2
649,B.1.1.7
650,B.1.617.2
651,B.1.177
652,B.1.1.7
653,AY.4
654,B.1.1.7
655,B.1.1.7
656,B.1.617.2
657,B.1.1.7
658,B.1.1.7
659,B.1.617.2
660,AY.4
661,B.1.1.7
662,AY.4
663,B.1.1.7
664,B.1.1.7
665,B.1.1.7
666,B.1.1.7
667,B.1.1.214
668,B.1.617.2
669,B.1.177
670,B.1.1.7
671,B.1.1.7
672,B.1.1.7
673,B.1.1.7
674,B.1.2
675,B.1.2
676,B.1.617.2
677,AY.4
678,B.1.1.7
679,B.1.1.7
680,B.1.1.7
681,AY.4
682,B.1.1.7
683,B.1.1.7
684,B.1.1.7
685,B.1.617.2
686,B.1.1.7
687,B.1.617.2
688,B.1.617.2
689,B.1.1.7
690,B.1.1.7
691,B.1.1.7
692,B.1
693,AY.4
694,AY.4
695,B.1
696,AY.12
697,B.1.177
698,B.1.160
699,AY.4
700,B.1.1.7
701,B.1.1.7
702,B.1.1.7
703,B.1
704,B.1.617.2
705,B.1.1.7
706,B.1.177
707,B.1.1.7
708,B.1.1.7
709,B.1.351
710,B.1.1.7
711,B.1.1.7
712,B.1.1.7
713,B.1.617.2
714,P.1
715,B.1.1.7
716,B.1.429
717,B.1.1.7
718,B.1.1.7
719,AY.4
720,AY.4
721,B.1.1
722,B.1.1.7
723,B.1.221
724,B.1.526
725,B.1.1.7
726,B.1.1.7
727,B.1.1.7
728,B.1.1.7
729,B.1.1.7
730,B.1.1.7
731,B.1.1.7
732,AY.4
733,B.1
734,B.1.160
735,B.1.1.7
736,B.1.617.2
737,B.1.1.7
738,B.1.1.7
739,B.1.1.7
740,B.1.1.7
741,AY.4
742,B.1.1.214
743,B.1
744,B.1.177.21
745,B.1.1.7
746,B.1.2
747,B.1.1.7
748,B.1.617.2
749,P.1
750,B.1.1.7
751,B.1.2
752,B.1.1.7
753,P.1
754,B.1.1.7
755,B.1.1.7
756,B.1.617.2
757,B.1.177
758,AY.4
759,AY.4
760,B.1.1.7
761,B.1.1.7
762,B.1
763,B.1.429
764,B.1.617.2
765,B.1.1.7
766,B.1.1.519
767,B.1.1.7
768,AY.12
769,B.1.1.7
770,B.1.1.7
771,B.1.617.2
772,P.1
773,B.1.1.7
774,B.1.617.2
775,B.1.160
776,B.1.1.7
777,B.1.617.2
778,B.1.1.7
779,P.1
780,P.1
781,B.1.617.2
782,B.1.526
783,B.1.1.7
784,B.1.1.7
785,B.1.1.7
786,B.1.1
787,B.1.243
788,B.1
789,B.1.2
790,B.1.1.7
791,B.1.1.7
792,AY.4
793,B.1.1.7
794,AY.4
795,B.1.1.7
796,B.1.1.7
797,B.1.617.2
798,B.1
799,D.2
800,B.1.1.7
801,B.1.1.7
802,B.1.177.21
803,B.1.1.7
804,B.1.1.7
805,P.1
806,B.1.1.7
807,B.1.526
808,B.1.1.7
809,AY.4
810,B.1.1.7
811,B.1.1.7
812,B.1.243
813,B.1.1.7
814,B.1.427
815,P.1
816,B.1.617.2
817,B.1.2
818,B.1.1.7
819,B.1.1.7
820,B.1.243
821,B.1.1.7
822,AY.4
823,B.1
824,B.1.617.2
825,B.1.177
826,B.1.1.7
827,B.1.1.7
828,B.1.617.2
829,P.1
830,B.1.1.7
831,B.1.1.7
832,B.1.1.7
833,B.1.1.7
834,B.1.2
835,B.1.1.7
836,B.1.1.7
837,B.1.1.7
838,B.1.1.7
839,B.1.1.7
840,B.1.1.7
841,B.1.160
842,B.1.1.7
843,B.1.1.7
844,B.1.1.7
845,B.1.351
846,B.1.1.7
847,B.1.1.7
848,B.1.1.7
849,B.1.1.7
850,B.1.2
851,AY.4
852,AY.4
853,B.1.1.7
854,B.1
855,B.1.2
856,B.1.2
857,AY.4
858,AY.12
859,B.1.1.7
860,B.1.1.7
861,AY.4
862,B.1.1.7
863,B.1.177
864,B.1.351
865,B.1.1
866,B.1.1.7
867,AY.4
868,B.1.429
869,B.1
870,B.1.160
871,B.1.617.2
872,B.1.1.7
873,B.1.243
874,B.1.1.7
875,B.1.2
876,AY.4
877,AY.4
878,P.1
879,B.1.1.7
880,AY.4
881,B.1.1.7
882,B.1.427
883,B.1.1.7
884,B.1.1.7
885,B.1.1.7
886,B.1.1.7
887,B.1.1.7
888,B.1.617.2
889,B.1.617.2
890,AY.4
891,B.1.1
892,B.1.1.7
893,B.1.1.7
894,AY.12
895,B.1.1.7
896,B.1.427
897,B.1.2
898,B.1.617.2
899,B.1.1.7
900,D.2
901,B.1.1.7
902,B.1
903,B.1.1.7
904,B.1.1.7
905,B.1.1.7
906,B.1.617.2
907,B.1.1
908,B.1.1.7
909,B.1.1.7
910,AY.4
911,B.1.1
912,B.1.1.7
913,B.1.617.2
914,B.1.2
915,B.1.2
916,B.1.526
917,B.1.429
918,B.1.1.7
919,B.1.1.7
920,P.1
921,B.1.617.2
922,B.1.1.7
923,B.1.1.7
924,B.1.617.2
925,B.1.1.7
926,B.1.177
927,B.1.1.7
928,B.1.1.7
929,B.1.177
930,B.1.1.7
931,B.1.1.7
932,B.1.1.7
933,B.1.2
934,AY.4
935,B.1.1.7
936,B.1.1.7
937,B.1.1
938,P.1
939,D.2
940,AY.12
941,B.1.617.2
942,B.1.526
943,B.1.429
944,B.1.617.2
945,AY.4
946,B.1.1.7
947,B.1.617.2
948,B.1.617.2
949,B.1.1.7
950,B.1.1.7
951,AY.4
952,B.1.1.7
953,B.1.177
954,B.1.1.7
955,B.1.617.2
956,B.1.1.7
957,B.1.1.7
958,B.1.1.7
959,B.1.1.7
960,B.1.617.2
961,B.1.2
962,B.1.1.7
963,B.1.1.7
964,B.1.1.7
965,B.1.1.7
966,AY.4
967,B.1.1.7
968,B.1.2
969,P.1
970,B.1.1.7
971,B.1.177
972,B.1.1.7
973,B.1.1.7
974,AY.12
975,B.1.1.7
976,B.1.2
977,AY.4
978,B.1.2
979,B.1.617.2
980,B.1.1.7
981,B.1.1.7
982,B.1.1.7
983,B.1.526
984,B.1.526
985,B.1.617.2
986,B.1.1.7
987,B.1.2
988,B.1.177
989,B.1.1.7
990,B.1.1.7
991,AY.4
992,B.1.1
993,B.1.1.7
994,B.1.429
995,AY.4
996,B.1.1.7
997,B.1.617.2
998,B.1.1.7
999,B.1.1.7
1000,P.1
1001,B.1.1.7
1002,B.1.1.7
1003,B.1.1.7
1004,AY.4
1005,B.1.1.7
1006,B.1.1.7
1007,B.1.1.7
1008,B.1.1.7
1009,B.1.1.7
1010,B.1.617.2
1011,B.1.1.7
1012,B.1.1.7
1013,B.1.1.7
1014,B.1.177
1015,B.1.617.2
1016,B.1.1.7
1017,B.1.526
1018,B.1
1019,B.1.258
1020,B.1.1.7
1021,AY.4
1022,B.1.1.7
1023,B.1.429
1024,B.1.1.7
1025,B.1.1.7
1026,B.1.617.2
1027,B.1.1.7
1028,B.1.1.7
1029,B.1.1.7
1030,B.1.617.2
1031,B.1.1.7
1032,B.1.1.7
1033,B.1.160
1034,B.1.526
1035,AY.4
1036,B.1.1.7
1037,B.1.1.7
1038,B.1.351
1039,B.1.1.7
1040,P.1
1041,B.1.1.7
1042,B.1.2
1043,B.1.2
1044,B.1.1.7
1045,B.1.1.7
1046,B.1.617.2
1047,B.1.2
1048,B.1.1.7
1049,B.1.1.7
1050,B.1.617.2
1051,B.1.1
1052,AY.4
1053,B.1.1.7
1054,B.1.1.7
1055,B.1
1056,B.1.1.7
1057,B.1.1.7
1058,B.1.1
1059,B.1.1.7
1060,D.2
1061,B.1.1.7
1062,B.1.1
1063,B.1.617.2
1064,B.1.1.7
1065,AY.12
1066,B.1.160
1067,B.1.1.7
1068,B.1.617.2
1069,B.1.1.7
1070,B.1.1
1071,B.1.221
1072,B.1.1.7
1073,B.1.1.7
1074,B.1
1075,B.1.1.7
1076,AY.4
1077,B.1
1078,B.1
1079,AY.4
1080,B.1.617.2
1081,B.1.2
1082,B.1.526
1083,B.1.617.2
1084,B.1.1.7
1085,B.1.1.214
1086,AY.12
1087,B.1.1.7
1088,B.1.427
1089,B.1.1.7
1090,B.1.1.7
1091,B.1.1.7
1092,B.1.1
1093,AY.4
1094,B.1.1.7
1095,B.1.1.7
1096,D.2
1097,B.1.1.7
1098,B.1.2
1099,B.1.1.7
1100,B.1.1.7
1101,AY.4
1102,B.1.160
1103,B.1.1.7
1104,B.1.1.7
1105,B.1.617.2
1106,B.1.1.7
1107,AY.4
1108,B.1.1.7
1109,B.1.617.2
1110,B.1.1.7
1111,B.1.1.7
1112,B.1.1.7
1113,B.1.1.7
1114,B.1.617.2
1115,AY.4
1116,B.1.1.7
1117,B.1.2
1118,B.1.617.2
1119,B.1.1.7
1120,B.1.1.7
1121,B.1.1.7
1122,B.1.617.2
1123,B.1
1124,AY.4
1125,B.1.351
1126,AY.12
1127,B.1.617.2
1128,B.1.1
1129,AY.12
1130,B.1.351
1131,B.1.617.2
1132,B.1.1.7
1133,B.1.1.7
1134,B.1.1.7
1135,B.1.1.7
1136,B.1.1.7
1137,B.1.1.519
1138,B.1.177
1139,B.1.1.7
1140,B.1.1
1141,B.1.617.2
1142,B.1.1.7
1143,B.1.1.7
1144,B.1.2
1145,B.1.243
1146,B.1.1.7
1147,B.1.1
1148,B.1.1.7
1149,B.1.617.2
1150,B.1.1.7
1151,B.1.1.7
1152,B.1.258
1153,B.1.617.2
1154,B.1.1.7
1155,B.1.221
1156,B.1
1157,B.1.1.7
1158,AY.4
1159,B.1.221
1160,B.1.617.2
1161,AY.4
1162,B.1.1.7
1163,B.1.177
1164,B.1.526
1165,B.1.1.7
1166,B.1.1.7
1167,AY.4
1168,B.1.617.2
1169,B.1.1.7
1170,AY.4
1171,B.1.1.7
1172,B.1.1.7
1173,B.1.1.7
1174,P.1
1175,B.1.1.214
1176,B.1.1.7
1177,B.1.1.519
1178,AY.4
1179,B.1.2
1180,B.1.617.2
1181,B.1.1.7
1182,B.1.1.7
1183,B.1.160
1184,B.1.1.7
1185,B.1.617.2
1186,B.1.1.7
1187,B.1.351
1188,B.1.1.7
1189,B.1
1190,B.1.1.7
1191,B.1.617.2
1192,B.1.1.7
1193,B.1.1.7
1194,B.1.1.7
1195,B.1.1.7
1196,B.1.1.7
1197,B.1.1.7
1198,B.1.1.7
1199,B.1.1.7
1200,B.1.1.7
1201,B.1.1.7
1202,B.1.1.7
1203,B.1.1.7
1204,B.1.177
1205,B.1.177.21
1206,B.1.2
1207,B.1.2
1208,B.1.1.7
1209,B.1.1.7
1210,B.1.1.7
1211,B.1.1
1212,B.1.1.7
1213,B.1.617.2
1214,B.1.1.7
1215,B.1.1.7
1216,B.1.177
1217,B.1.617.2
1218,AY.4
1219,B.1.1.7
1220,AY.4
1221,B.1
1222,AY.4
1223,AY.4
1224,AY.4
1225,B.1.1.7
1226,B.1.2
1227,B.1.617.2
1228,B.1.1.7
1229,B.1.617.2
1230,B.1.1.7
1231,B.1.617.2
1232,B.1.617.2
1233,P.1
1234,B.1.1.7
1235,B.1.177.21
1236,B.1.1.7
1237,B.1.1
1238,B.1.1.7
1239,B.1
1240,B.1.1.7
1241,B.1.617.2
1242,B.1.1.7
1243,B.1.177.21
1244,AY.4
1245,B.1.2
1246,B.1.617.2
1247,P.1
1248,B.1.351
1249,AY.4
1250,B.1.177
1251,B.1.1.7
1252,B.1.1.7
1253,B.1.351
1254,B.1.617.2
1255,B.1.351
1256,B.1.1.7
1257,B.1
1258,B.1.1.7
1259,B.1.617.2
1260,B.1.617.2
1261,B.1.617.2
1262,B.1.1.7
1263,B.1.177
1264,B.1.1.7
1265,B.1.160
1266,B.1
1267,B.1.258
1268,B.1.1.7
1269,B.1.1.7
1270,B.1.526
1271,B.1.1.7
1272,B.1.429
1273,B.1.1.7
1274,B.1.2
1275,AY.12
1276,B.1.1.7
1277,B.1.1.7
1278,B.1.258
1279,AY.4
1280,B.1.1.7
1281,R.1
1282,B.1.1.7
1283,B.1.1
1284,P.1
1285,B.1.1
1286,B.1.617.2
1287,B.1.258
1288,B.1.1.7
1289,B.1.351
1290,B.1.1.7
1291,P.1
1292,B.1.1.7
1293,B.1.1.7
1294,B.1.617.2
1295,D.2
1296,B.1.617.2
1297,B.1.1.7
1298,B.1.526
1299,B.1.1.7
1300,B.1.1.7
1301,B.1.1.7
1302,AY.4
1303,B.1.1.7
1304,B.1
1305,B.1.1.7
1306,B.1.1.7
1307,B.1.177
1308,B.1.1.7
1309,B.1.1.7
1310,B.1.1.7
1311,B.1.2
1312,B.1.1.7
1313,B.1.617.2
1314,B.1.1.7
1315,B.1.1.7
1316,B.1.1.7
1317,B.1
1318,B.1.221
1319,P.1
1320,B.1.617.2
1321,B.1.1.7
1322,B.1.617.2
1323,B.1.617.2
1324,B.1.1.7
1325,B.1.1.7
1326,B.1.1.7
1327,B.1.1.7
1328,B.1.2
1329,P.1
1330,B.1.177
1331,B.1.617.2
1332,B.1.2
1333,B.1.1.7
1334,B.1.1.7
1335,B.1.1.7
1336,AY.12
1337,B.1.617.2
1338,B.1.1.7
1339,B.1.2
1340,B.1.617.2
1341,B.1.160
1342,B.1.1.7
1343,B.1.1.7
1344,B.1.1.7
1345,B.1.1.7
1346,B.1.1.7
1347,AY.12
1348,B.1.1.7
1349,B.1.617.2
1350,B.1.1.7
1351,B.1.1.7
1352,B.1.160
1353,B.1.1.7
1354,B.1.1.7
1355,B.1.1.7
1356,B.1.1.214
1357,B.1.1.7
1358,B.1.1
1359,AY.12
1360,B.1.1.7
1361,B.1.427
1362,B.1.1.7
1363,AY.4
1364,B.1.1.7
1365,B.1.1.214
1366,B.1.243
1367,B.1.1.7
1368,B.1.1.7
1369,B.1.617.2
1370,B.1.1.7
1371,B.1.1.7
1372,B.1.429
1373,B.1.1.7
1374,B.1.1.7
1375,B.1.1.7
1376,AY.12
1377,B.1.1.7
1378,AY.4
1379,B.1.1.7
1380,B.1.177
1381,B.1.1.7
1382,AY.12
1383,B.1.1.7
1384,B.1.1.7
1385,B.1.1.214
1386,AY.4
1387,B.1.1.7
1388,B.1.1.7
1389,B.1.1.7
1390,D.2
1391,B.1.526
1392,B.1.1.7
1393,B.1.526
1394,B.1
1395,B.1.617.2
1396,B.1.1.7
1397,B.1.1.7
1398,B.1.617.2
1399,B.1.1.7
1400,B.1.617.2
1401,B.1.1.7
1402,B.1.1.7
1403,AY.4
1404,B.1.177
1405,B.1.160
1406,AY.4
1407,B.1.1.7
1408,D.2
1409,B.1.1.7
1410,B.1.351
1411,B.1.1.7
1412,B.1.1.7
1413,B.1.1.7
1414,B.1.1.7
1415,B.1.1.7
1416,B.1.617.2
1417,B.1.1.7
1418,B.1.1.7
1419,B.1.617.2
1420,B.1
1421,B.1.2
1422,B.1.429
1423,B.1.1.7
1424,AY.12
1425,B.1.1.7
1426,B.1.1.7
1427,AY.4
1428,B.1.1.7
1429,B.1.617.2
1430,B.1.1.7
1431,B.1.427
1432,B.1.2
1433,B.1.617.2
1434,B.1.1.7
1435,B.1.177
1436,B.1.2
1437,AY.4
1438,B.1.617.2
1439,B.1.2
1440,B.1.1.7
1441,B.1.1.7
1442,B.1.1.7
1443,B.1
1444,B.1
1445,B.1.617.2
1446,B.1.1.7
1447,B.1
1448,B.1.617.2
1449,B.1.1.7
1450,B.1.1.7
1451,B.1.1.7
1452,D.2
1453,B.1.617.2
1454,B.1.617.2
1455,B.1.177.21
1456,B.1.1.7
1457,B.1.1.7
1458,B.1.1.7
1459,B.1.1.7
1460,B.1
1461,B.1.617.2
1462,B.1.2
1463,P.1
1464,D.2
1465,B.1.617.2
1466,B.1.1.7
1467,B.1.1.7
1468,P.1
1469,B.1.1.7
1470,AY.4
1471,B.1.617.2
1472,B.1.1.7
1473,B.1.1.7
1474,B.1.1.7
1475,B.1.617.2
1476,B.1.1.214
1477,B.1.177
1478,B.1.1.7
1479,B.1.1.7
1480,B.1.1.7
1481,B.1
1482,B.1.177
1483,B.1.617.2
1484,AY.4
1485,B.1.2
1486,B.1.617.2
1487,AY.12
1488,AY.4
1489,B.1.1.7
1490,B.1.1.7
1491,D.2
1492,B.1.1.7
1493,B.1.617.2
1494,P.1
1495,B.1.429
1496,B.1.1.214
1497,B.1.617.2
1498,B.1.617.2
1499,B.1.1.7
1500,P.1
1501,B.1.617.2
1502,AY.4
1503,B.1.1.7
1504,AY.4
1505,AY.4
1506,B.1.2
1507,B.1.1.7
1508,B.1.526
1509,B.1.177
1510,B.1.1.7
1511,B.1.177
1512,B.1.1.7
1513,AY.4
1514,AY.4
1515,AY.4
1516,B.1.427
1517,B.1.1.7
1518,AY.4
1519,B.1.617.2
1520,B.1.1.7
1521,AY.12
1522,B.1.617.2
1523,B.1
1524,B.1.1.7
1525,B.1.1.7
1526,B.1.1.7
1527,B.1.1.7
1528,B.1.2
1529,B.1.1.7
1530,B.1.617.2
1531,B.1.1.7
1532,B.1.1.7
1533,B.1.1.7
1534,B.1.2
1535,B.1.1.7
1536,B.1.1.7
1537,B.1.1.7
1538,B.1.1.7
1539,AY.4
1540,B.1.1.7
1541,B.1.1.7
1542,AY.4
1543,AY.4
1544,B.1.1.7
1545,B.1
1546,B.1.1.7
1547,B.1.177
1548,B.1.1.7
1549,B.1.1.7
1550,B.1.1.7
1551,B.1.1.7
1552,B.1
1553,B.1.1
1554,B.1.351
1555,B.1.2
1556,B.1.1.7
1557,B.1.617.2
1558,P.1
1559,P.1
1560,B.1.1.7
1561,B.1.617.2
1562,B.1
1563,B.1.1.7
1564,B.1.1.7
1565,B.1.1.7
1566,B.1.1.7
1567,B.1.1.519
1568,AY.4
1569,B.1.1.7
1570,B.1.1.7
1571,B.1.1.519
1572,B.1.1
1573,B.1.1.7
1574,B.1.1.7
1575,B.1.1.7
1576,B.1.617.2
1577,B.1.1.7
1578,B.1.617.2
1579,B.1.1.7
1580,B.1.2
1581,B.1.1.7
1582,B.1.1.7
1583,B.1.243
1584,B.1.617.2
1585,B.1.1.7
1586,AY.4
1587,B.1.2
1588,AY.4
1589,D.2
1590,B.1.617.2
1591,B.1.1
1592,B.1.1.7
1593,B.1.1.7
1594,B.1.429
1595,P.1
1596,R.1
1597,B.1.1.7
1598,B.1.1.7
1599,B.1.1.7
1600,B.1.1.7
1601,B.1.429
1602,B.1.1.7
1603,B.1.1.7
1604,B.1.2
1605,B.1.617.2
1606,B.1.617.2
1607,B.1.1.7
1608,B.1.1.7
1609,B.1.1.7
1610,B.1.1.7
1611,AY.4
1612,B.1.177.21
1613,B.1.1.7
1614,B.1.2
1615,B.1.1.7
1616,B.1.1.7
1617,B.1.1.7
1618,B.1.1.7
1619,B.1.1.7
1620,B.1.617.2
1621,B.1.1.7
1622,AY.12
1623,B.1.1.7
1624,B.1.1.7
1625,B.1.617.2
1626,B.1
1627,B.1.1.7
1628,B.1.1.7
1629,B.1.2
1630,B.1.1.7
1631,B.1.2
1632,B.1.1.7
1633,B.1.1.7
1634,AY.4
1635,B.1.1.7
1636,B.1.1.7
1637,B.1.1.7
1638,B.1.617.2
1639,B.1.177
1640,B.1.1.7
1641,B.1.1.7
1642,B.1.2
1643,B.1.1.7
1644,B.1.1.7
1645,B.1.617.2
1646,P.1
1647,B.1.617.2
1648,B.1.1.7
1649,B.1.1
1650,AY.4
1651,B.1.1.7
1652,B.1
1653,B.1.1.7
1654,B.1.1.7
1655,B.1.1.7
1656,B.1.1.7
1657,B.1.1.7
1658,B.1
1659,B.1.160
1660,B.1.617.2
1661,B.1.1.7
1662,B.1.617.2
1663,B.1.617.2
1664,B.1
1665,AY.4
1666,B.1.1.7
1667,B.1.1.7
1668,AY.4
1669,P.1
1670,AY.4
1671,B.1.1.7
1672,B.1.1.7
1673,B.1.1.7
1674,B.1.617.2
1675,B.1.617.2
1676,B.1.617.2
1677,B.1.526
1678,B.1.1.7
1679,B.1.1.7
1680,AY.4
1681,B.1.1.7
1682,AY.4
1683,B.1.177
1684,B.1.1.7
1685,B.1.1.7
1686,B.1.177.21
1687,B.1.617.2
1688,B.1.1
1689,B.1.1.7
1690,B.1.1
1691,B.1.1
1692,B.1.617.2
1693,B.1.1.7
1694,B.1.1.7
1695,AY.4
1696,B.1.1.7
1697,B.1.617.2
1698,B.1.617.2
1699,B.1.258
1700,B.1.160
1701,B.1.526
1702,B.1.1.7
1703,B.1.1.7
1704,AY.4
1705,P.1
1706,B.1.617.2
1707,B.1.617.2
1708,B.1
1709,B.1.617.2
1710,B.1.1.7
1711,B.1.1.7
1712,B.1.177
1713,B.1.1.7
1714,B.1.1.7
1715,B.1.1.7
1716,B.1.2
1717,B.1.617.2
1718,B.1.1.7
1719,B.1.2
1720,B.1.2
1721,B.1.1.7
1722,B.1.1.7
1723,B.1.1.7
1724,B.1.1.7
1725,B.1.1.7
1726,B.1.177
1727,AY.4
1728,P.1
1729,B.1
1730,B.1.1.7
1731,B.1.177
1732,B.1.1.7
1733,B.1.1.7
1734,B.1.1.7
1735,B.1.1.7
1736,B.1.1.7
1737,B.1
1738,B.1.1.7
1739,B.1.1.7
1740,B.1.2
1741,B.1.1.7
1742,B.1.1.7
1743,B.1.1.7
1744,B.1.1.7
1745,AY.4
1746,B.1.177.21
1747,B.1.1.7
1748,B.1.1.7
1749,B.1.1.7
1750,B.1.177.21
1751,AY.4
1752,B.1.1.7
1753,B.1.1.7
1754,B.1.1.7
1755,B.1.617.2
1756,B.1.1.7
1757,B.1.617.2
1758,B.1.1.7
1759,B.1.617.2
1760,B.1.1.7
1761,B.1.1.7
1762,AY.4
1763,B.1.526
1764,B.1.1.7
1765,B.1.221
1766,AY.4
1767,B.1.617.2
1768,B.1.427
1769,B.1.1.214
1770,B.1.1.7
1771,B.1.1.7
1772,AY.12
1773,B.1.1.7
1774,B.1.617.2
1775,B.1.617.2
1776,B.1.1.7
1777,B.1.1.7
1778,B.1.1.7
1779,B.1.1.7
1780,AY.4
1781,B.1
1782,B.1.1.7
1783,B.1
1784,B.1.617.2
1785,B.1.258
1786,B.1.160
1787,B.1.1.7
1788,B.1.617.2
1789,B.1.1.7
1790,AY.12
1791,B.1.258
1792,B.1.1.7
1793,B.1.617.2
1794,B.1.617.2
1795,B.1.617.2
1796,B.1.617.2
1797,B.1.617.2
1798,B.1.1.7
1799,B.1.1.7
1800,B.1.177
1801,P.1
1802,B.1
1803,B.1.1.7
1804,B.1
1805,B.1.429
1806,B.1.617.2
1807,AY.4
1808,B.1.160
1809,AY.4
1810,B.1.2
1811,AY.4
1812,B.1.1.7
1813,B.1.1.7
1814,AY.4
1815,B.1.1.7
1816,B.1.1.7
1817,B.1.2
1818,B.1
1819,B.1.2
1820,B.1.1.7
1821,B.1.1.7
1822,B.1.617.2
1823,B.1.1.7
1824,B.1.1.7
1825,AY.4
1826,B.1.1.7
1827,P.1
1828,B.1.1.7
1829,B.1.1.7
1830,B.1.617.2
1831,AY.4
1832,B.1.2
1833,B.1.1.7
1834,B.1.1.7
1835,B.1.617.2
1836,B.1.617.2
1837,B.1.1.7
1838,B.1.160
1839,B.1.617.2
1840,B.1.1
1841,AY.4
1842,B.1.617.2
1843,B.1.1.7
1844,B.1.1.7
1845,B.1.1.7
1846,B.1.2
1847,B.1.1.7
1848,B.1.1.7
1849,AY.12
1850,B.1.1.7
1851,B.1.1.7
1852,B.1.1.7
1853,B.1.1.7
1854,B.1.617.2
1855,AY.12
1856,B.1.1.7
1857,B.1.617.2
1858,AY.4
1859,B.1.526
1860,B.1.526
1861,B.1.177.21
1862,B.1.1.7
1863,B.1.1.7
1864,B.1.1.7
1865,P.1
1866,B.1.1.7
1867,B.1.1.7
1868,D.2
1869,B.1.1.7
1870,B.1.177
1871,B.1.1.7
1872,B.1.617.2
1873,B.1.1.7
1874,B.1.1.7
1875,B.1.2
1876,B.1.526
1877,B.1.617.2
1878,B.1.1.7
1879,B.1.1.7
1880,B.1
1881,B.1.1.7
1882,B.1.429
1883,B.1.1.7
1884,B.1
1885,B.1.617.2
1886,B.1.177
1887,B.1.617.2
1888,B.1.177
1889,B.1.1.7
1890,B.1
1891,B.1.1.7
1892,B.1.1.7
1893,B.1
1894,B.1.1.7
1895,AY.4
1896,AY.4
1897,B.1.351
1898,B.1.427
1899,B.1.1.7
1900,B.1.1.7
1901,B.1.1.7
1902,B.1.1.7
1903,B.1.1.7
1904,B.1.1.7
1905,AY.4
1906,B.1.1.7
1907,B.1.1.7
1908,B.1.177
1909,AY.4
1910,B.1.2
1911,B.1.1.7
1912,B.1
1913,B.1.1.7
1914,AY.4
1915,AY.4
1916,B.1.1.7
1917,B.1.1.7
1918,B.1.177
1919,B.1.1.7
1920,B.1.2
1921,B.1.1.7
1922,B.1.1.7
1923,B.1.1.7
1924,B.1.617.2
1925,B.1.617.2
1926,B.1.1.7
1927,B.1.1.7
1928,B.1.1.7
1929,B.1.1.7
1930,B.1.1.7
1931,B.1.617.2
1932,B.1.1.7
1933,B.1.1.7
1934,B.1.258
1935,B.1
1936,B.1.617.2
1937,B.1.1.7
1938,B.1.1.7
1939,B.1.1.7
1940,B.1.1.7
1941,B.1.1.7
1942,B.1.617.2
1943,AY.4
1944,B.1.1.7
1945,B.1.1.7
1946,AY.4
1947,B.1.1.7
1948,B.1.617.2
1949,B.1.177
1950,B.1.243
1951,B.1.1.7
1952,B.1.2
1953,B.1.1.7
1954,B.1.1.7
1955,B.1.526
1956,B.1.1.519
1957,B.1.1.7
1958,B.1.1.7
1959,B.1.177.21
1960,B.1.617.2
1961,B.1.1.7
1962,B.1.1.7
1963,B.1.1.7
1964,B.1.1.7
1965,B.1.1.7
1966,B.1.1.7
1967,B.1.1.7
1968,B.1.1.7
1969,B.1.2
1970,B.1
1971,AY.4
1972,B.1.1.7
1973,B.1.1.7
1974,B.1.526
1975,B.1.1.7
1976,B.1.1.7
1977,AY.4
1978,B.1.1.7
1979,B.1.2
1980,B.1.1.7
1981,B.1.1.7
1982,B.1.1.7
1983,B.1.427
1984,B.1.1.7
1985,B.1.2
1986,B.1.1.7
1987,AY.4
1988,B.1.1.7
1989,B.1.1.7
1990,B.1.1.7
1991,B.1.1.7
1992,B.1.1.7
1993,AY.4
1994,B.1.1.7
1995,AY.4
1996,B.1.1.7
1997,B.1.177
1998,B.1.1.7
1999,B.1.177
2000,B.1.1.7
2001,B.1.617.2
2002,B.1.1.7
2003,B.1.1.7
2004,B.1.177
2005,B.1.1.7
2006,B.1.1.7
2007,B.1.1.7
2008,B.1.617.2
2009,B.1.258
2010,B.1.177
2011,B.1.1.7
2012,B.1.1.7
2013,B.1.177
2014,B.1.1.7
2015,B.1.1.7
2016,B.1.1.7
2017,AY.12
2018,D.2
2019,B.1.1.7
2020,B.1.1
2021,B.1.617.2
2022,B.1.160
2023,B.1.1.7
2024,AY.4
2025,B.1.1.7
2026,B.1.1.7
2027,B.1
2028,B.1.1.7
2029,B.1.526
2030,B.1
2031,B.1.1.7
2032,B.1.177
2033,B.1.1.7
2034,B.1.1.7
2035,B.1.1.7
2036,B.1.2
2037,P.1
2038,B.1.1.7
2039,AY.4
2040,AY.12
2041,B.1.1.7
2042,B.1.526
2043,B.1.1.7
2044,B.1.1.7
2045,B.1.1.7
2046,B.1.1.7
2047,B.1.617.2
2048,B.1.1.7
2049,B.1.1.7
2050,P.1
2051,B.1.2
2052,B.1.617.2
2053,B.1.1.7
2054,B.1.1.7
2055,B.1.1.214
2056,B.1.1.7
2057,B.1.1.7
2058,B.1.617.2
2059,B.1
2060,B.1.617.2
2061,AY.4
2062,B.1.1.7
2063,B.1.1.7
2064,B.1.1.7
2065,B.1.2
2066,B.1.1.7
2067,B.1.1.7
2068,B.1.177
2069,B.1.1.7
2070,B.1.1.7
2071,B.1.1.7
2072,B.1.160
2073,B.1.1.7
2074,B.1.617.2
2075,B.1.1.7
2076,AY.4
2077,B.1.617.2
2078,B.1
2079,B.1.427
2080,B.1.617.2
2081,B.1.1.7
2082,B.1.2
2083,B.1.1.7
2084,B.1.1.7
2085,B.1.1.7
2086,B.1.1.7
2087,B.1.1.7
2088,AY.4
2089,B.1.617.2
2090,B.1.1
2091,B.1.2
2092,AY.4
2093,B.1.1.7
2094,R.1
2095,B.1.160
2096,B.1.1.7
2097,B.1.1.7
2098,B.1.1.7
2099,B.1.1.7
2100,B.1.1.519
2101,B.1
2102,B.1.429
2103,B.1.1.7
2104,B.1.1.7
2105,R.1
2106,B.1.1.7
2107,B.1.1.7
2108,B.1.1
2109,B.1.1.7
2110,B.1.1.7
2111,B.1.1.7
2112,B.1.1.7
2113,B.1.177
2114,AY.12
2115,B.1.617.2
2116,B.1.1.7
2117,B.1.1.7
2118,B.1.617.2
2119,B.1.1.7
2120,B.1.1.7
2121,B.1.1.7
2122,B.1.427
2123,B.1.1.7
2124,B.1.1.7
2125,AY.12
2126,B.1.1.7
2127,AY.4
2128,B.1.177
2129,B.1.1.7
2130,B.1.258
2131,B.1.1.7
2132,AY.4
2133,AY.4
2134,B.1.177
2135,B.1.1.7
2136,B.1.1.214
2137,B.1.429
2138,B.1.1.7
2139,B.1.617.2
2140,B.1
2141,B.1.1.7
2142,D.2
2143,B.1.160
2144,B.1.1.7
2145,B.1.1.7
2146,B.1.243
2147,B.1.1.7
2148,B.1.1.7
2149,B.1.177
2150,B.1.1.7
2151,B.1.2
2152,B.1.1.7
2153,B.1.1.7
2154,P.1
2155,P.1
2156,B.1.1.7
2157,P.1
2158,B.1.1.7
2159,AY.4
2160,B.1
2161,B.1.1.7
2162,P.1
2163,B.1.1.7
2164,B.1.617.2
2165,B.1
2166,B.1.1.7
2167,B.1.1.7
2168,B.1.617.2
2169,B.1.1.7
2170,B.1.1.7
2171,B.1.1.7
2172,B.1.2
2173,B.1.429
2174,B.1.351
2175,B.1.2
2176,B.1.1.7
2177,B.1.1.7
2178,B.1.1.7
2179,AY.12
2180,B.1.617.2
2181,B.1.1.7
2182,B.1.1.7
2183,B.1.1.7
2184,B.1.1.7
2185,B.1.1.7
2186,B.1.617.2
2187,B.1.1.7
2188,B.1.1.7
2189,B.1.427
2190,B.1.1.7
2191,B.1.1.7
2192,B.1.1
2193,B.1.1.7
2194,B.1.1.7
2195,B.1.1.7
2196,B.1.2
2197,B.1.351
2198,B.1.429
2199,B.1.1.7
2200,B.1.177
2201,AY.4
2202,B.1.1.7
2203,B.1.1.7
2204,B.1.1.7
2205,B.1.1.7
2206,B.1.1
2207,B.1.1.7
2208,AY.4
2209,B.1.2
2210,B.1.617.2
2211,B.1.1.7
2212,P.1
2213,B.1.429
2214,B.1
2215,AY.4
2216,B.1.177
2217,B.1.1.7
2218,P.1
2219,B.1
2220,B.1.617.2
2221,B.1.1.7
2222,B.1.1.7
2223,AY.4
2224,B.1.1.7
2225,B.1.617.2
2226,B.1.177
2227,AY.12
2228,B.1.177
2229,B.1.1.7
2230,B.1.177
2231,B.1.1.7
2232,B.1.617.2
2233,B.1.160
2234,AY.4
2235,B.1.1.7
2236,B.1.1.7
2237,B.1.1.7
2238,B.1.2
2239,B.1
2240,B.1.1.7
2241,B.1.1.7
2242,B.1.2
2243,P.1
2244,B.1.617.2
2245,AY.4
2246,B.1.617.2
2247,B.1.1.7
2248,B.1.617.2
2249,B.1.1.7
2250,B.1.429
2251,B.1.617.2
2252,B.1.1.7
2253,B.1.1.7
2254,B.1.1.7
2255,B.1.526
2256,B.1.1.7
2257,B.1.617.2
2258,B.1.1.7
2259,AY.4
2260,B.1.1.7
2261,B.1.1.7
2262,B.1.2
2263,B.1
2264,AY.4
2265,B.1.2
2266,D.2
2267,B.1.1.214
2268,B.1.2
2269,B.1.617.2
2270,B.1.1.7
2271,AY.4
2272,B.1.177.21
2273,B.1.1.7
2274,B.1.1.7
2275,B.1.1.7
2276,B.1.1.7
2277,B.1.1.7
2278,B.1.1.7
2279,B.1.429
2280,B.1.1.7
2281,B.1.617.2
2282,B.1.617.2
2283,AY.4
2284,B.1.617.2
2285,B.1.1.7
2286,B.1.1.7
2287,B.1.617.2
2288,B.1.177
2289,B.1.1.7
2290,B.1.1.7
2291,B.1.1.519
2292,B.1.1.7
2293,B.1.1.7
2294,B.1.160
2295,B.1.1
2296,D.2
2297,B.1.1.7
2298,B.1.1.7
2299,B.1.1.7
2300,B.1.617.2
2301,B.1.526
2302,B.1.1.7
2303,B.1.1.7
2304,B.1.1.7
2305,B.1.1.7
2306,B.1.617.2
2307,B.1
2308,B.1.1.7
2309,B.1.177
2310,B.1.1.7
2311,B.1.617.2
2312,B.1.1.7
2313,B.1.617.2
2314,B.1.617.2
2315,B.1.177
2316,B.1
2317,B.1.1.7
2318,AY.4
2319,B.1.526
2320,AY.4
2321,B.1
2322,B.1.1.7
2323,B.1
2324,B.1.1.7
2325,B.1.617.2
2326,AY.4
2327,B.1.1.7
2328,B.1.1.7
2329,B.1.1.7
2330,B.1
2331,B.1.1.7
2332,B.1
2333,B.1.1.7
2334,P.1
2335,B.1.1.7
2336,B.1.1.7
2337,P.1
2338,B.1.617.2
2339,B.1.1.7
2340,B.1.617.2
2341,AY.4
2342,B.1.1.7
2343,B.1.1.7
2344,B.1.427
2345,B.1.1.7
2346,B.1.1.7
2347,B.1.1.7
2348,B.1.258
2349,B.1.1.7
2350,B.1.617.2
2351,B.1.617.2
2352,B.1.617.2
2353,B.1.1.7
2354,B.1
2355,B.1
2356,B.1.617.2
2357,B.1.617.2
2358,B.1.1.7
2359,B.1.177.21
2360,B.1.617.2
2361,B.1.1.7
2362,B.1.221
2363,B.1.1
2364,B.1.1.7
2365,B.1.1.7
2366,B.1.1.7
2367,B.1.1.7
2368,B.1.617.2
2369,B.1.1.7
2370,AY.4
2371,B.1.617.2
2372,B.1.1.7
2373,B.1.221
2374,B.1.1.7
2375,B.1.429
2376,B.1.617.2
2377,B.1
2378,P.1
2379,AY.4
2380,B.1.1.7
2381,B.1.1.7
2382,AY.4
2383,B.1.1
2384,P.1
2385,B.1
2386,AY.4
2387,B.1.2
2388,B.1.1.7
2389,B.1.526
2390,B.1.1.7
2391,B.1.177
2392,B.1.617.2
2393,B.1.1.7
2394,B.1.1.7
2395,B.1.351
2396,B.1.2
2397,B.1.1.7
2398,B.1.1.7
2399,B.1.617.2
2400,B.1.1.7
2401,B.1.258
2402,AY.4
2403,B.1.429
2404,B.1.617.2
2405,B.1.1.7
2406,P.1
2407,B.1.617.2
2408,B.1
2409,B.1.1.7
2410,B.1.1.7
2411,B.1.221
2412,B.1.1.7
2413,B.1
2414,B.1.1
2415,B.1.1.7
2416,B.1.1.7
2417,B.1.429
2418,B.1.1.7
2419,B.1.1.7
2420,AY.4
2421,B.1.1.7
2422,AY.4
2423,B.1
2424,B.1.1.7
2425,B.1.1.7
2426,AY.4
2427,B.1.1
2428,B.1.1.7
2429,AY.4
2430,B.1.1.7
2431,B.1.617.2
2432,B.1.617.2
2433,B.1.617.2
2434,B.1.526
2435,B.1.526
2436,AY.4
2437,AY.4
2438,B.1.1.7
2439,B.1.221
2440,B.1.1.7
2441,B.1.1.7
2442,B.1.617.2
2443,B.1.1.7
2444,B.1.617.2
2445,B.1.1.7
2446,B.1.429
2447,B.1.1.7
2448,AY.4
2449,B.1.177
2450,B.1.243
2451,B.1.1.7
2452,B.1.1.7
2453,B.1.617.2
2454,B.1.1.7
2455,P.1
2456,P.1
2457,B.1.177
2458,B.1.526
2459,B.1.221
2460,B.1.1.7
2461,B.1.1.7
2462,B.1
2463,B.1.1.7
2464,B.1.1.7
2465,B.1.1.7
2466,B.1.526
2467,B.1.1.7
2468,B.1.617.2
2469,B.1.526
2470,AY.4
2471,B.1.1.7
2472,AY.4
2473,B.1.2
2474,AY.12
2475,B.1.1.7
2476,AY.4
2477,B.1.1.7
2478,AY.4
2479,B.1.1.7
2480,B.1.1.7
2481,B.1.1.7
2482,AY.4
2483,AY.4
2484,B.1.160
2485,B.1.617.2
2486,B.1.1.7
2487,B.1.1.7
2488,P.1
2489,B.1.1.7
2490,B.1
2491,B.1.1.7
2492,B.1.1.7
2493,B.1.617.2
2494,B.1.1.7
2495,B.1.1.7
2496,AY.4
2497,D.2
2498,AY.4
2499,B.1.429
2500,B.1.258
2501,B.1.1.7
2502,B.1.617.2
2503,B.1.1.7
2504,B.1.526
2505,AY.4
2506,AY.4
2507,B.1.1.7
2508,B.1.2
2509,B.1.427
2510,B.1.1.7
2511,B.1.617.2
2512,B.1.1.7
2513,B.1.427
2514,B.1.1
2515,B.1.617.2
2516,B.1.617.2
2517,AY.4
2518,B.1.1.7
2519,D.2
2520,B.1.351
2521,B.1.1.7
2522,B.1.1.7
2523,AY.4
2524,B.1.160
2525,B.1.1.7
2526,B.1
2527,B.1.1.7
2528,B.1.1.7
2529,B.1.1.7
2530,AY.4
2531,B.1.617.2
2532,B.1.1.7
2533,B.1.429
2534,B.1.1.7
2535,B.1.1.7
2536,B.1.1.7
2537,B.1.1.7
2538,B.1.1.7
2539,P.1
2540,B.1.1.7
2541,B.1.1.7
2542,B.1.258
2543,B.1.429
2544,B.1.351
2545,P.1
2546,B.1.1.7
2547,B.1.1.7
2548,B.1
2549,B.1.617.2
2550,B.1.1.7
2551,B.1.1.214
2552,B.1
2553,B.1.2
2554,B.1.1.7
2555,B.1.1.7
2556,B.1.1.7
2557,B.1.1.7
2558,B.1.1.7
2559,B.1.1.7
2560,B.1.1.7
2561,B.1.1.7
2562,B.1.1.7
2563,B.1.177
2564,B.1.617.2
2565,B.1.1.7
2566,B.1.617.2
2567,B.1.617.2
2568,B.1.1.7
2569,B.1.1.7
2570,B.1.617.2
2571,AY.12
2572,AY.4
2573,AY.12
2574,AY.4
2575,B.1.1.7
2576,B.1.1.7
2577,B.1.1.7
2578,B.1.617.2
2579,B.1.2
2580,B.1.1.7
2581,B.1.1.7
2582,R.1
2583,B.1.1.7
2584,B.1.1.7
2585,AY.4
2586,B.1.1.7
2587,B.1.427
2588,B.1.427
2589,B.1.617.2
2590,B.1.1.7
2591,B.1.1.7
2592,B.1.1.7
2593,B.1.1.7
2594,B.1.1
2595,B.1.177
2596,B.1.1.7
2597,B.1.160
2598,B.1.617.2
2599,B.1
2600,B.1.1.214
2601,B.1.177
2602,B.1.1.7
2603,B.1.617.2
2604,B.1.351
2605,B.1.1.7
2606,B.1.1.7
2607,B.1.177
2608,AY.12
2609,B.1.526
2610,B.1.617.2
2611,B.1.177
2612,B.1.1.7
2613,B.1.1.7
2614,B.1.1.7
2615,B.1.258
2616,B.1.1.7
2617,B.1.1.7
2618,B.1.1.7
2619,B.1.1.7
2620,AY.4
2621,AY.4
2622,B.1.1.7
2623,B.1.1.7
2624,B.1.1.7
2625,B.1.1.7
2626,B.1.617.2
2627,B.1.1.7
2628,B.1.1.7
2629,B.1.427
2630,B.1.2
2631,AY.4
2632,B.1.1.7
2633,B.1.1.7
2634,B.1.1.7
2635,B.1.1.7
2636,B.1.2
2637,B.1.221
2638,B.1.1.7
2639,B.1.1.7
2640,B.1.1.7
2641,B.1.2
2642,B.1.1.7
2643,B.1.1.7
2644,B.1.1.7
2645,B.1.1.7
2646,B.1.1.7
2647,AY.4
2648,B.1.1.7
2649,B.1.1.7
2650,AY.4
2651,B.1.1.7
2652,B.1.1.7
2653,B.1.617.2
2654,P.1
2655,B.1.1.7
2656,B.1.617.2
2657,B.1.1.7
2658,P.1
2659,B.1.1.7
2660,B.1.1.7
2661,B.1.1.7
2662,B.1.617.2
2663,B.1.617.2
2664,AY.4
2665,P.1
2666,AY.4
2667,B.1.1.7
2668,B.1.1.7
2669,B.1
2670,B.1.427
2671,AY.4
2672,B.1.1.7
2673,B.1.1.7
2674,B.1.1.7
2675,B.1.1.7
2676,B.1.1.7
2677,B.1.1.7
2678,B.1.617.2
2679,B.1.1.7
2680,B.1.1.7
2681,B.1.1.7
2682,B.1.1.7
2683,AY.4
2684,B.1.160
2685,AY.4
2686,B.1.1.7
2687,P.1
2688,B.1
2689,B.1.429
2690,B.1.617.2
2691,B.1.1.7
2692,B.1.1.7
2693,B.1.1.7
2694,AY.4
2695,B.1.526
2696,B.1.1.7
2697,B.1.617.2
2698,B.1.1.7
2699,B.1.617.2
2700,B.1.1.7
2701,B.1.1.7
2702,B.1.1.7
2703,B.1
2704,B.1.1.7
2705,B.1.1.7
2706,B.1.1.7
2707,B.1.1.7
2708,B.1.1.7
2709,B.1.1.7
2710,B.1.617.2
2711,B.1
2712,B.1.1.7
2713,B.1.177
2714,B.1.1.7
2715,B.1.177
2716,B.1.2
2717,B.1.1.7
2718,B.1.1.7
2719,B.1.1
2720,B.1.1.7
2721,AY.4
2722,B.1.617.2
2723,B.1.1.7
2724,AY.4
2725,B.1.1.7
2726,B.1.1.7
2727,B.1
2728,B.1.1.7
2729,B.1.1.7
2730,P.1
2731,B.1.1.7
2732,B.1.1.7
2733,B.1.1.7
2734,B.1.1.7
2735,B.1.1.7
2736,B.1.1.519
2737,B.1.1.7
2738,B.1.1.7
2739,B.1.1.7
2740,B.1.1.7
2741,B.1.1.7
2742,B.1.427
2743,B.1.1.7
2744,B.1.1.7
2745,B.1.617.2
2746,B.1.1.7
2747,B.1.160
2748,B.1.1.7
2749,B.1.1.7
2750,P.1
2751,B.1.1.7
2752,AY.4
2753,B.1.1.7
2754,B.1.1.7
2755,B.1.1.7
2756,B.1.617.2
2757,B.1.617.2
2758,B.1.1.7
2759,B.1.177
2760,B.1.617.2
2761,P.1
2762,B.1.177
2763,B.1.1.7
2764,B.1.1.7
2765,B.1
2766,B.1.1.7
2767,B.1.1.7
2768,B.1.617.2
2769,B.1.258
2770,B.1.617.2
2771,AY.4
2772,B.1.1.7
2773,B.1
2774,B.1.617.2
2775,B.1.1.7
2776,B.1.617.2
2777,B.1.1.7
2778,B.1.1.7
2779,B.1.1.7
2780,B.1.617.2
2781,B.1.617.2
2782,B.1.1.7
2783,B.1.1.7
2784,B.1.1.7
2785,B.1.617.2
2786,AY.4
2787,B.1.617.2
2788,B.1.1.7
2789,B.1.177
2790,B.1.1.7
2791,B.1.1.7
2792,B.1.1.7
2793,B.1
2794,B.1.177
2795,AY.4
2796,D.2
2797,B.1.429
2798,B.1.1.7
2799,B.1.617.2
2800,D.2
2801,B.1.2
2802,B.1
2803,AY.4
2804,B.1.177.21
2805,B.1.1.7
2806,B.1.1.7
2807,B.1.617.2
2808,B.1.617.2
2809,B.1.1
2810,B.1.617.2
2811,B.1
2812,B.1
2813,AY.4
2814,B.1.1.519
2815,B.1.617.2
2816,B.1.177
2817,B.1.1.7
2818,B.1.1.7
2819,B.1.1.7
2820,B.1.617.2
2821,B.1
2822,B.1.617.2
2823,B.1.1.214
2824,B.1.1.7
2825,B.1.617.2
2826,B.1.1
2827,B.1.1.7
2828,B.1.617.2
2829,B.1.617.2
2830,B.1.1.7
2831,P.1
2832,P.1
2833,B.1.160
2834,AY.4
2835,B.1
2836,B.1.1.7
2837,B.1.2
2838,B.1.258
2839,B.1.1.7
2840,B.1.1.7
2841,B.1.177
2842,B.1.177
2843,B.1.1.7
2844,B.1.2
2845,B.1.1.7
2846,B.1.1.7
2847,B.1.1.7
2848,B.1.243
2849,B.1.1.7
2850,B.1
2851,B.1.1.7
2852,B.1.177.21
2853,B.1.2
2854,B.1.1.7
2855,P.1
2856,P.1
2857,B.1.1.7
2858,B.1
2859,B.1.617.2
2860,B.1.526
2861,B.1.1.7
2862,B.1.1.7
2863,B.1.1.7
2864,B.1.1.7
2865,B.1.2
2866,B.1.1.7
2867,B.1.1.7
2868,B.1.2
2869,B.1.1.7
2870,B.1.1.7
2871,B.1.617.2
2872,AY.4
2873,B.1.1.7
2874,B.1.1.7
2875,B.1.1.7
2876,B.1.1.214
2877,B.1.1.7
2878,B.1.2
2879,B.1.617.2
2880,AY.4
2881,B.1.1.7
2882,B.1.1.7
2883,B.1.1.7
2884,B.1.429
2885,B.1.1.7
2886,B.1.1.7
2887,B.1.1.7
2888,AY.4
2889,B.1.1.7
2890,B.1.1.7
2891,B.1.1
2892,B.1
2893,B.1.1.7
2894,B.1.1.7
2895,B.1.2
2896,B.1.2
2897,B.1.1.7
2898,B.1.1.7
2899,B.1.1
2900,AY.4
2901,B.1.1.7
2902,B.1.1.7
2903,B.1.1
2904,D.2
2905,B.1.617.2
2906,B.1.617.2
2907,B.1.1.7
2908,B.1.1.7
2909,B.1.221
2910,AY.4
2911,B.1.1.7
2912,P.1
2913,B.1.221
2914,AY.4
2915,B.1.177
2916,B.1.1
2917,B.1.1
2918,B.1.1.7
2919,B.1.160
2920,B.1.1.7
2921,B.1.1.7
2922,AY.4
2923,B.1.1.7
2924,B.1.1.7
2925,B.1.1.7
2926,B.1.1.7
2927,AY.4
2928,B.1.2
2929,P.1
2930,B.1.1.7
2931,AY.4
2932,B.1.1.7
2933,P.1
2934,B.1.1.7
2935,B.1.177.21
2936,B.1.1.7
2937,B.1.1.7
2938,B.1.1.7
2939,B.1.1.7
2940,B.1.177
2941,B.1.2
2942,AY.12
2943,B.1.1.7
2944,B.1.177
2945,B.1.617.2
2946,B.1.1.7
2947,B.1.1.7
2948,B.1.1.7
2949,B.1.1.7
2950,B.1.617.2
2951,R.1
2952,B.1.1.7
2953,B.1.1.7
2954,B.1.1.7
2955,B.1.1.7
2956,B.1.177
2957,B.1.1.7
2958,B.1.1.7
2959,B.1.429
2960,B.1.617.2
2961,B.1.1.519
2962,B.1.351
2963,B.1.526
2964,B.1.1.7
2965,B.1.1.7
2966,B.1.2
2967,B.1.617.2
2968,B.1.1.7
2969,B.1.617.2
2970,B.1.1.7
2971,B.1.1.7
2972,B.1.617.2
2973,B.1.1.7
2974,B.1.177
2975,B.1.1.7
2976,B.1.1.7
2977,B.1.1.7
2978,AY.4
2979,B.1.1.7
2980,B.1.526
2981,B.1.1.7
2982,AY.4
2983,B.1.1.7
2984,B.1.429
2985,B.1.1.7
2986,B.1.617.2
2987,B.1.1.7
2988,P.1
2989,B.1.1.7
2990,B.1.1.7
2991,B.1.2
2992,B.1.1.214
2993,B.1
2994,B.1.1.7
2995,B.1.1.7
2996,B.1.1.7
2997,B.1.1.7
2998,B.1.1.7
2999,AY.4
3000,B.1.1
3001,AY.4
3002,B.1.1.7
3003,B.1.617.2
3004,AY.4
3005,B.1.617.2
3006,B.1.1.7
3007,B.1.1.7
3008,B.1.1.7
3009,B.1.221
3010,B.1.1.7
3011,AY.4
3012,B.1.177
3013,B.1.1.7
3014,B.1.1.7
3015,B.1.177
3016,B.1.177
3017,B.1.1.7
3018,B.1.1.7
3019,AY.12
3020,B.1.617.2
3021,B.1.617.2
3022,B.1.617.2
3023,B.1.1.7
3024,AY.4
3025,B.1
3026,B.1.1.7
3027,B.1.1.7
3028,B.1.1.7
3029,B.1.617.2
3030,B.1.1.7
3031,B.1.1.7
3032,B.1.1.7
3033,B.1.526
3034,B.1.1.7
3035,AY.4
3036,B.1.1.7
3037,B.1.1.7
3038,B.1.1.7
3039,B.1.351
3040,B.1.2
3041,B.1.2
3042,B.1.1.7
3043,B.1.1.7
3044,B.1.1.519
3045,B.1.258
3046,B.1.617.2
3047,B.1.160
3048,B.1.429
3049,B.1.617.2
3050,B.1.1.7
3051,B.1.351
3052,B.1.1.7
3053,B.1.1.519
3054,B.1.617.2
3055,AY.4
3056,B.1.1.7
3057,B.1.429
3058,B.1.177
3059,B.1.351
3060,B.1.1.7
3061,B.1.1.7
3062,D.2
3063,B.1.1
3064,AY.12
3065,B.1.1.7
3066,B.1.2
3067,B.1.160
3068,B.1.160
3069,B.1.1.7
3070,B.1.429
3071,B.1.1.7
3072,B.1.1.7
3073,B.1.1.7
3074,B.1.1.7
3075,AY.4
3076,B.1.1.7
3077,B.1.617.2
3078,B.1.2
3079,B.1.429
3080,B.1.617.2
3081,B.1.526
3082,AY.4
3083,B.1.1.7
3084,B.1.1.7
3085,B.1.1.7
3086,B.1.1.7
3087,B.1.1.7
3088,B.1.177
3089,B.1.2
3090,AY.12
3091,B.1.1.7
3092,B.1.177.21
3093,AY.4
3094,B.1
3095,B.1.1.7
3096,B.1.617.2
3097,B.1.1.7
3098,B.1.1.7
3099,B.1
3100,P.1
3101,B.1.617.2
3102,B.1.1.7
3103,B.1.1.7
3104,B.1.617.2
3105,B.1.2
3106,B.1.1
3107,B.1.1.7
3108,B.1.1.7
3109,B.1.617.2
3110,B.1.1.7
3111,B.1.427
3112,B.1.1.7
3113,AY.4
3114,B.1.177
3115,AY.4
3116,B.1.2
3117,B.1.617.2
3118,AY.12
3119,B.1.1.7
3120,B.1.1.7
3121,B.1.1.7
3122,B.1
3123,B.1.1.7
3124,B.1.1.7
3125,B.1.1.7
3126,B.1.1.7
3127,B.1.1.7
3128,B.1.617.2
3129,B.1.177
3130,B.1.221
3131,B.1.1
3132,B.1.2
3133,B.1.1.7
3134,B.1.1.7
3135,AY.12
3136,B.1.1.7
3137,P.1
3138,B.1.1.7
3139,B.1.177.21
3140,B.1.617.2
3141,AY.12
3142,B.1.1.7
3143,B.1.1.7
3144,B.1.1.7
3145,B.1
3146,B.1.1.7
3147,B.1.177
3148,B.1.1.7
3149,B.1.1.7
3150,B.1.1
3151,B.1.177
3152,B.1.617.2
3153,B.1.1.7
3154,B.1.1.7
3155,B.1.1.7
3156,B.1.1.7
3157,B.1.617.2
3158,B.1.617.2
3159,B.1.1.7
3160,B.1.1.7
3161,B.1.1.7
3162,B.1.177
3163,B.1.1.7
3164,B.1.617.2
3165,B.1.1.7
3166,B.1.1.7
3167,B.1.1.519
3168,B.1.1.7
3169,B.1.427
3170,B.1.1
3171,P.1
3172,B.1.1.7
3173,B.1.177
3174,B.1.2
3175,B.1.177
3176,R.1
3177,B.1.1.7
3178,B.1.1.7
3179,B.1.617.2
3180,B.1.1.7
3181,B.1.1.7
3182,B.1.1.7
3183,B.1.617.2
3184,AY.4
3185,AY.4
3186,B.1.1.7
3187,B.1.1
3188,D.2
3189,B.1.1.7
3190,B.1.1.7
3191,B.1.1.7
3192,B.1
3193,B.1.1.7
3194,B.1.1.7
3195,B.1.1.7
3196,B.1.1.7
3197,B.1.1.7
3198,B.1.1.7
3199,B.1.1.7
3200,B.1.177
3201,B.1.1.7
3202,B.1.1.7
3203,AY.4
3204,B.1.617.2
3205,B.1.1.7
3206,B.1.1.7
3207,B.1.526
3208,B.1.1.7
3209,B.1.1.7
3210,B.1.1.7
3211,P.1
3212,B.1.1.7
3213,B.1.617.2
3214,AY.4
3215,AY.4
3216,B.1.617.2
3217,B.1.1.7
3218,AY.4
3219,B.1
3220,B.1.1.7
3221,B.1.617.2
3222,B.1.617.2
3223,AY.12
3224,B.1.1.7
3225,B.1.526
3226,B.1.1.7
3227,B.1.1.7
3228,B.1.1.7
3229,B.1.1
3230,B.1
3231,B.1.1.7
3232,B.1.617.2
3233,B.1.1.7
3234,B.1.617.2
3235,B.1.1.7
3236,B.1.617.2
3237,B.1.617.2
3238,B.1.2
3239,AY.4
3240,B.1.1.7
3241,B.1.1.7
3242,B.1.617.2
3243,P.1
3244,B.1.1.7
3245,AY.4
3246,P.1
3247,AY.4
3248,B.1.1.214
3249,R.1
3250,B.1.1.7
3251,B.1.1.7
3252,AY.4
3253,B.1.617.2
3254,B.1.1.214
3255,B.1
3256,B.1.1.7
3257,B.1.617.2
3258,B.1
3259,AY.4
3260,B.1.1.7
3261,B.1.617.2
3262,P.1
3263,B.1.1.7
3264,AY.12
3265,B.1.1.7
3266,AY.4
3267,B.1.1.7
3268,B.1.1.7
3269,B.1.1.7
3270,B.1.1.7
3271,B.1.1.7
3272,B.1.2
3273,B.1.1.7
3274,B.1.1.7
3275,B.1.617.2
3276,AY.4
3277,B.1.1.7
3278,B.1.1.7
3279,B.1.1.7
3280,B.1.1.7
3281,B.1.1.7
3282,B.1.1.7
3283,B.1.617.2
3284,B.1.1.7
3285,B.1.2
3286,B.1.177.21
3287,B.1.1.7
3288,B.1.221
3289,B.1.1
3290,B.1.1.7
3291,B.1.1.7
3292,B.1.1.7
3293,B.1.617.2
3294,B.1.1.7
3295,AY.4
3296,B.1.1.7
3297,B.1.177
3298,B.1.1.7
3299,B.1.1.7
3300,AY.4
3301,B.1.429
3302,B.1.1.7
3303,B.1.351
3304,B.1.2
3305,B.1.1.7
3306,AY.12
3307,B.1.617.2
3308,B.1.177
3309,B.1.1.7
3310,AY.12
3311,B.1.617.2
3312,B.1.617.2
3313,B.1.160
3314,B.1.1.7
3315,B.1.1.7
3316,B.1.1.7
3317,B.1.617.2
3318,B.1.243
3319,B.1.1.7
3320,B.1.1.7
3321,B.1.1.7
3322,B.1.1.214
3323,B.1.221
3324,B.1.351
3325,B.1.1.7
3326,B.1.160
3327,B.1.177
3328,B.1.1.7
3329,B.1.1.7
3330,B.1
3331,B.1.1.7
3332,B.1.429
3333,B.1.1.214
3334,P.1
3335,B.1.1.7
3336,B.1
3337,B.1.1
3338,B.1
3339,B.1.1.7
3340,B.1.617.2
3341,B.1.1.7
3342,B.1.429
3343,P.1
3344,B.1.1.7
3345,B.1.177
3346,AY.4
3347,B.1.2
3348,B.1.1.7
3349,AY.4
3350,B.1.1.7
3351,B.1.429
3352,B.1
3353,B.1.617.2
3354,B.1.1.7
3355,B.1.1.7
3356,B.1
3357,B.1.1.7
3358,B.1.1.7
3359,B.1.1.7
3360,B.1
3361,B.1.1.7
3362,B.1.1.7
3363,B.1.1.7
3364,B.1.258
3365,AY.4
3366,B.1.617.2
3367,B.1.617.2
3368,B.1.617.2
3369,B.1.177.21
3370,B.1.177
3371,B.1.1.7
3372,B.1.1.7
3373,B.1.1.7
3374,AY.4
3375,B.1.1.7
3376,B.1.1.7
3377,B.1.1.7
3378,B.1.1.7
3379,AY.4
3380,B.1.1
3381,B.1.617.2
3382,B.1.1.7
3383,B.1
3384,B.1
3385,B.1.1.7
3386,AY.4
3387,B.1.1.7
3388,B.1.177
3389,B.1.1.7
3390,B.1.2
3391,B.1.1.7
3392,B.1.2
3393,B.1.1.7
3394,B.1.1.7
3395,B.1.1.7
3396,B.1.617.2
3397,B.1.1.7
3398,B.1.1.7
3399,B.1.2
3400,B.1.429
3401,B.1.1.7
3402,B.1.1.214
3403,B.1.1.7
3404,B.1.1.7
3405,B.1.1.7
3406,AY.4
3407,B.1.429
3408,B.1.1.7
3409,B.1.1.7
3410,B.1.1.7
3411,B.1.177.21
3412,B.1.1.7
3413,AY.4
3414,B.1.1.7
3415,B.1.1.7
3416,B.1.1.7
3417,B.1.617.2
3418,B.1.1.7
3419,B.1.2
3420,B.1.1.7
3421,B.1.617.2
3422,B.1.1.7
3423,B.1.617.2
3424,B.1.1.7
3425,B.1.1.7
3426,B.1.617.2
3427,AY.12
3428,B.1.2
3429,B.1.1.7
3430,B.1.1.7
3431,B.1.1.7
3432,B.1.617.2
3433,D.2
3434,P.1
3435,P.1
3436,B.1.1.7
3437,AY.4
3438,B.1.1.7
3439,B.1.1.7
3440,B.1.1.7
3441,B.1.617.2
3442,B.1.1.7
3443,B.1.617.2
3444,B.1.1.7
3445,B.1.1.7
3446,B.1.1.7
3447,AY.4
3448,B.1.1.7
3449,B.1.177
3450,B.1.1.7
3451,B.1.1.7
3452,B.1.617.2
3453,B.1.160
3454,B.1
3455,P.1
3456,B.1.1.7
3457,AY.4
3458,B.1.1.7
3459,B.1.160
3460,B.1
3461,B.1.1
3462,AY.4
3463,B.1.177.21
3464,B.1.1.7
3465,B.1.1.7
3466,B.1.427
3467,B.1.1.7
3468,B.1.1.7
3469,AY.4
3470,B.1.1.7
3471,B.1.1.7
3472,B.1.1.7
3473,B.1.1.7
3474,B.1.1.7
3475,B.1.1.7
3476,B.1.1.7
3477,B.1.1.214
3478,AY.4
3479,B.1.1.7
3480,AY.4
3481,B.1.1.7
3482,B.1.2
3483,B.1.2
3484,B.1.1.7
3485,B.1.1.7
3486,AY.4
3487,B.1.1.7
3488,B.1.2
3489,B.1.1.7
3490,B.1.1.7
3491,AY.12
3492,B.1.1.7
3493,B.1.617.2
3494,B.1.617.2
3495,B.1.1.7
3496,B.1.617.2
3497,B.1.1.7
3498,B.1.1.7
3499,AY.12
3500,B.1.1
3501,B.1.1.7
3502,B.1.177
3503,B.1.1
3504,B.1.617.2
3505,B.1.1.7
3506,B.1.1.519
3507,B.1.177
3508,B.1.1.7
3509,B.1.1.7
3510,B.1.1.7
3511,B.1.617.2
3512,B.1.1.214
3513,B.1.1.7
3514,B.1.1.7
3515,B.1.1
3516,B.1.617.2
3517,B.1.1.7
3518,P.1
3519,B.1
3520,B.1.617.2
3521,AY.4
3522,B.1.1.7
3523,B.1.1.7
3524,B.1.1.7
3525,B.1.177
3526,B.1.1.7
3527,B.1.1.7
3528,B.1.1.214
3529,B.1.1.7
3530,B.1.1.7
3531,AY.4
3532,B.1.1.7
3533,B.1.617.2
3534,B.1.617.2
3535,B.1.1.7
3536,B.1.1.7
3537,B.1.258
3538,B.1.1.7
3539,B.1.617.2
3540,B.1.1.7
3541,B.1.1.7
3542,B.1.617.2
3543,AY.4
3544,B.1.1.7
3545,B.1.1.7
3546,B.1.1.214
3547,B.1.1.7
3548,B.1.1.7
3549,AY.4
3550,B.1.1.7
3551,B.1.617.2
3552,B.1.1.7
3553,B.1.2
3554,P.1
3555,B.1
3556,B.1.1.7
3557,AY.4
3558,P.1
3559,B.1.526
3560,B.1.617.2
3561,B.1.617.2
3562,B.1.617.2
3563,AY.12
3564,B.1.1.7
3565,B.1.1.7
3566,AY.4
3567,B.1.1.7
3568,B.1.1.7
3569,B.1.1.7
3570,B.1.1.7
3571,B.1.1.7
3572,AY.4
3573,B.1.1.7
3574,B.1.1.7
3575,B.1.1.7
3576,B.1.429
3577,P.1
3578,B.1.1.7
3579,B.1.1.7
3580,B.1.1.7
3581,B.1.160
3582,B.1.1.7
3583,B.1.1.7
3584,B.1.1.7
3585,B.1.1.7
3586,B.1.617.2
3587,B.1
3588,B.1.1.7
3589,B.1.1.7
3590,B.1.1.7
3591,AY.4
3592,B.1.617.2
3593,B.1.1.7
3594,B.1.617.2
3595,B.1.617.2
3596,B.1.177
3597,B.1.1.7
3598,AY.4
3599,B.1.1.7
3600,AY.12
3601,B.1
3602,B.1.617.2
3603,B.1.526
3604,B.1.160
3605,B.1.2
3606,B.1.617.2
3607,AY.4
3608,B.1.160
3609,AY.4
3610,B.1.1.7
3611,B.1.617.2
3612,B.1.221
3613,AY.4
3614,AY.4
3615,B.1.177.21
3616,AY.12
3617,AY.4
3618,B.1.1.7
3619,R.1
3620,B.1.2
3621,B.1.1.7
3622,B.1.1.7
3623,B.1.1
3624,B.1.1.7
3625,B.1.617.2
3626,B.1
3627,B.1.1.7
3628,B.1.1.7
3629,B.1.617.2
3630,B.1.1.7
3631,AY.4
3632,B.1.177
3633,B.1.617.2
3634,B.1
3635,B.1.1.7
3636,B.1.427
3637,B.1.177
3638,B.1
3639,B.1.617.2
3640,B.1.1.7
3641,AY.4
3642,B.1.1.7
3643,B.1.1.7
3644,B.1.1.214
3645,B.1.617.2
3646,B.1.1.7
3647,AY.4
3648,B.1.1.7
3649,B.1.1.7
3650,B.1.526
3651,B.1.1.7
3652,B.1.429
3653,B.1.1.7
3654,B.1.2
3655,B.1.1.7
3656,B.1.617.2
3657,B.1.617.2
3658,B.1.1.7
3659,B.1
3660,B.1.177
3661,B.1.1.7
3662,B.1.617.2
3663,B.1.526
3664,B.1.617.2
3665,B.1.351
3666,B.1.1.7
3667,B.1.1.7
3668,B.1.429
3669,B.1.1.519
3670,B.1.526
3671,B.1.1.7
3672,AY.4
3673,B.1.1.7
3674,B.1
3675,B.1.1.7
3676,B.1.617.2
3677,B.1.1.7
3678,B.1.1.7
3679,B.1.177
3680,B.1.1.7
3681,B.1.1.7
3682,B.1.1.7
3683,B.1.1.7
3684,B.1.617.2
3685,B.1.617.2
3686,B.1.1.7
3687,B.1.1.7
3688,B.1.1.7
3689,B.1.617.2
3690,B.1.1.7
3691,AY.4
3692,B.1.427
3693,B.1.1.7
3694,B.1.177.21
3695,B.1.1.7
3696,B.1.429
3697,AY.4
3698,B.1.617.2
3699,B.1.617.2
3700,B.1.1.7
3701,AY.4
3702,B.1.1.7
3703,B.1.1.7
3704,B.1.1.7
3705,B.1.1.7
3706,B.1.1.7
3707,B.1.1.7
3708,B.1.427
3709,B.1
3710,B.1.617.2
3711,B.1.177
3712,B.1.1.7
3713,B.1.429
3714,B.1.1.7
3715,B.1.617.2
3716,B.1.1.7
3717,B.1.1.7
3718,B.1.1.214
3719,B.1.617.2
3720,B.1.617.2
3721,B.1.1.7
3722,B.1.429
3723,B.1.2
3724,B.1.1.7
3725,B.1.1.7
3726,B.1.1.7
3727,B.1.1.7
3728,B.1.1.7
3729,B.1.1.7
3730,B.1.1.7
3731,B.1.1.7
3732,B.1.1.7
3733,B.1.1.7
3734,B.1.1.7
3735,B.1.177
3736,B.1.1.7
3737,B.1.617.2
3738,AY.12
3739,B.1.1.7
3740,B.1.2
3741,B.1.1.7
3742,AY.4
3743,B.1.2
3744,B.1.1
3745,B.1.351
3746,B.1.177
3747,AY.4
3748,B.1.617.2
3749,D.2
3750,B.1.1.7
3751,B.1
3752,B.1.617.2
3753,B.1.177
3754,B.1
3755,B.1.1.7
3756,B.1.1.7
3757,B.1.1.7
3758,B.1.1.7
3759,B.1.351
3760,B.1.1.7
3761,B.1.1.7
3762,B.1.1.7
3763,B.1.221
3764,B.1.1.7
3765,B.1.1.7
3766,B.1.1.7
3767,B.1.1.7
3768,B.1.1.7
3769,B.1.1.7
3770,B.1.617.2
3771,B.1.1.7
3772,B.1.1.7
3773,B.1.2
3774,AY.4
3775,B.1.617.2
3776,B.1.617.2
3777,B.1
3778,B.1.177
3779,B.1.1.7
3780,B.1.1.7
3781,B.1.243
3782,AY.4
3783,B.1.1.7
3784,B.1.1.7
3785,B.1
3786,B.1.2
3787,B.1.1.519
3788,B.1.1.7
3789,B.1.1.7
3790,B.1.177
3791,B.1.1.7
3792,B.1.1.7
3793,B.1.2
3794,AY.4
3795,B.1.1.7
3796,B.1.1.7
3797,B.1.1.7
3798,B.1.1.7
3799,AY.12
3800,B.1
3801,B.1.617.2
3802,B.1.1.7
3803,B.1.1.7
3804,P.1
3805,B.1.351
3806,B.1.1.7
3807,B.1.526
3808,B.1.1.7
3809,B.1.617.2
3810,B.1.1
3811,B.1.258
3812,B.1.1.7
3813,B.1.617.2
3814,B.1.526
3815,B.1.1.7
3816,B.1.351
3817,B.1.1.7
3818,B.1.429
3819,AY.4
3820,B.1.617.2
3821,B.1.1.7
3822,B.1.177
3823,B.1.2
3824,B.1.617.2
3825,B.1.1.7
3826,B.1.1.7
3827,B.1.1.7
3828,B.1.1.7
3829,B.1.1.7
3830,B.1.1.7
3831,B.1.617.2
3832,B.1
3833,AY.4
3834,B.1.1.7
3835,B.1.1.7
3836,B.1.1.7
3837,B.1.617.2
3838,B.1.1.7
3839,AY.4
3840,B.1
3841,B.1.1.7
3842,B.1.1.7
3843,B.1.1.7
3844,B.1.617.2
3845,P.1
3846,B.1.617.2
3847,B.1.1.7
3848,B.1.1.7
3849,AY.4
3850,B.1
3851,B.1.1.7
3852,B.1.1.7
3853,B.1.526
3854,B.1.526
3855,B.1
3856,B.1.160
3857,AY.4
3858,B.1.160
3859,AY.4
3860,B.1.1.7
3861,B.1.1.7
3862,B.1.1.7
3863,B.1.2
3864,B.1.2
3865,B.1.1.7
3866,B.1.1.7
3867,B.1
3868,B.1.1.7
3869,B.1.1.7
3870,B.1.429
3871,B.1.1.7
3872,B.1.1.7
3873,B.1.2
3874,B.1.351
3875,B.1.1.7
3876,B.1.1.7
3877,B.1.1.7
3878,B.1.1.214
3879,B.1.221
3880,B.1.1
3881,B.1.1.7
3882,B.1.2
3883,B.1.617.2
3884,B.1.177
3885,AY.4
3886,B.1.617.2
3887,B.1
3888,B.1.1.7
3889,B.1.1.7
3890,AY.4
3891,B.1.221
3892,B.1.1.7
3893,B.1.221
3894,B.1.617.2
3895,B.1.617.2
3896,B.1.1.7
3897,B.1
3898,B.1.1.7
3899,B.1.1.7
3900,B.1.617.2
3901,B.1.1.7
3902,B.1.1.7
3903,B.1.1.7
3904,P.1
3905,B.1.177
3906,B.1.1.7
3907,B.1.160
3908,AY.4
3909,B.1.617.2
3910,B.1.177
3911,B.1.617.2
3912,AY.4
3913,B.1.617.2
3914,AY.4
3915,B.1.1.7
3916,AY.4
3917,B.1.1.7
3918,B.1.617.2
3919,B.1.617.2
3920,B.1.1.7
3921,B.1
3922,B.1.1.7
3923,B.1.1.7
3924,B.1.2
3925,B.1.160
3926,B.1
3927,B.1.1.7
3928,B.1.2
3929,B.1.1.7
3930,B.1.1.7
3931,B.1.1.7
3932,AY.4
3933,B.1.617.2
3934,B.1.1.7
3935,P.1
3936,B.1.1.7
3937,B.1.258
3938,AY.4
3939,B.1.1.7
3940,B.1.617.2
3941,B.1.1.7
3942,B.1.1.7
3943,B.1.617.2
3944,B.1.427
3945,B.1.1.7
3946,B.1.617.2
3947,B.1.221
3948,B.1.351
3949,B.1.1.7
3950,B.1.177.21
3951,B.1.617.2
3952,B.1.1.7
3953,B.1.2
3954,B.1.1.7
3955,AY.4
3956,B.1.177
3957,B.1.1.214
3958,B.1.526
3959,B.1.1.7
3960,B.1.617.2
3961,B.1.1.7
3962,B.1.1.7
3963,D.2
3964,B.1.1.7
3965,P.1
3966,B.1.1.7
3967,B.1.1.7
3968,B.1.1.7
3969,B.1.1.7
3970,B.1.1.7
3971,AY.4
3972,B.1.258
3973,B.1.1.7
3974,B.1.1
3975,AY.4
3976,B.1.2
3977,B.1.177.21
3978,B.1
3979,B.1.617.2
3980,P.1
3981,B.1.617.2
3982,B.1.160
3983,D.2
3984,B.1.1.7
3985,B.1
3986,B.1.1.7
3987,B.1.617.2
3988,AY.4
3989,B.1.429
3990,B.1.177
3991,B.1.1.7
3992,B.1.617.2
3993,B.1.617.2
3994,B.1.1
3995,B.1.258
3996,P.1
3997,B.1
3998,B.1.617.2
3999,B.1.1.7
4000,B.1.1.7
4001,B.1.1.7
4002,B.1.1.7
4003,B.1.617.2
4004,AY.4
4005,P.1
4006,B.1.617.2
4007,B.1.1.7
4008,B.1.1.7
4009,B.1.1.7
4010,B.1.243
4011,B.1.1.7
4012,B.1.1.7
4013,B.1.1.7
4014,B.1
4015,D.2
4016,B.1.1.7
4017,B.1.1.7
4018,B.1.1.7
4019,B.1.160
4020,B.1.617.2
4021,B.1.1.7
4022,B.1.177
4023,B.1.1.7
4024,B.1.258
4025,B.1.427
4026,B.1.1.7
4027,B.1.1.7
4028,D.2
4029,B.1.617.2
4030,B.1.177
4031,B.1.1.7
4032,B.1.1.7
4033,B.1.258
4034,B.1.1
4035,B.1.617.2
4036,B.1.2
4037,B.1.1.7
4038,B.1.1.7
4039,B.1.1.7
4040,B.1.1.7
4041,B.1.1.7
4042,B.1.160
4043,B.1.617.2
4044,B.1
4045,B.1.1.7
4046,B.1.1
4047,B.1.1.7
4048,B.1.1.7
4049,B.1.1.7
4050,B.1.221
4051,AY.4
4052,B.1.1.7
4053,B.1.1.7
4054,B.1.1.7
4055,B.1.617.2
4056,AY.12
4057,AY.4
4058,B.1.160
4059,B.1.1.7
4060,B.1.160
4061,B.1.1.7
4062,B.1.2
4063,P.1
4064,B.1.1
4065,AY.4
4066,B.1.1.7
4067,B.1.1.7
4068,B.1.177
4069,AY.4
4070,B.1.1.7
4071,B.1.1.7
4072,B.1.351
4073,B.1.177
4074,B.1.1.7
4075,P.1
4076,B.1.1.7
4077,AY.4
4078,B.1.1.214
4079,B.1.1
4080,B.1.1
4081,B.1.1.7
4082,B.1.1.7
4083,B.1.1.7
4084,B.1.1
4085,B.1.1.7
4086,B.1.1.7
4087,B.1.1.7
4088,B.1.1.7
4089,B.1.1.7
4090,AY.4
4091,B.1.1.7
4092,B.1.1.7
4093,B.1.1
4094,P.1
4095,B.1.258
4096,B.1.1.7
4097,B.1.221
4098,AY.4
4099,B.1
4100,B.1.1.7
4101,B.1.1.7
4102,B.1.617.2
4103,B.1.1.7
4104,B.1.429
4105,B.1.1.7
4106,AY.4
4107,B.1.1.7
4108,B.1.617.2
4109,B.1.1.7
4110,B.1.1.7
4111,B.1.177
4112,B.1.617.2
4113,AY.4
4114,B.1.2
4115,B.1.177
4116,B.1.1.7
4117,B.1.1.7
4118,B.1.2
4119,B.1.1.7
4120,AY.4
4121,B.1.1.7
4122,B.1
4123,B.1.1.7
4124,B.1.1.7
4125,B.1.1.7
4126,B.1.1.7
4127,B.1.177
4128,B.1.617.2
4129,B.1.1.7
4130,B.1.1.7
4131,B.1.177
4132,B.1.1
4133,D.2
4134,B.1
4135,B.1.351
4136,B.1.617.2
4137,B.1.1.7
4138,B.1.427
4139,B.1.1.7
4140,B.1.1.7
4141,AY.4
4142,B.1.2
4143,B.1.1.7
4144,B.1.1.7
4145,B.1.1.7
4146,B.1.1.7
4147,B.1.1
4148,B.1.617.2
4149,B.1.177.21
4150,B.1.1.7
4151,B.1.1.7
4152,B.1.1.7
4153,B.1.1.7
4154,B.1.617.2
4155,B.1.526
4156,AY.4
4157,B.1.1.7
4158,B.1.1.519
4159,B.1.177
4160,B.1.617.2
4161,B.1.1.7
4162,B.1.1.7
4163,B.1.1.7
4164,B.1.177
4165,B.1.1.7
4166,B.1.177
4167,B.1.1.7
4168,B.1.1.7
4169,B.1.1.7
4170,B.1.1.7
4171,B.1.351
4172,AY.12
4173,B.1.243
4174,B.1.617.2
4175,B.1.617.2
4176,AY.4
4177,AY.12
4178,B.1.1.7
4179,B.1.1.7
4180,AY.4
4181,B.1.177
4182,B.1.617.2
4183,AY.4
4184,B.1.351
4185,B.1.1.7
4186,B.1.1.7
4187,B.1.2
4188,B.1.1.7
4189,B.1.429
4190,B.1.1.7
4191,AY.12
4192,B.1.1.7
4193,P.1
4194,B.1.1.7
4195,B.1.1.7
4196,B.1.1.7
4197,B.1.617.2
4198,B.1.1.7
4199,B.1.1.7
4200,B.1.1.7
4201,B.1.1.7
4202,B.1.177
4203,B.1.1.7
4204,B.1.160
4205,AY.4
4206,B.1.177
4207,AY.4
4208,B.1.1.7
4209,B.1.617.2
4210,D.2
4211,B.1.1
4212,B.1.351
4213,B.1.1.7
4214,B.1.1.7
4215,B.1.1.7
4216,B.1.1.7
4217,B.1.1.7
4218,B.1.2
4219,B.1.1.7
4220,B.1.1.7
4221,D.2
4222,B.1.2
4223,B.1.429
4224,B.1.617.2
4225,B.1.177
4226,B.1.1.7
4227,B.1.1.7
4228,B.1.617.2
4229,B.1.429
4230,AY.4
4231,B.1.1.519
4232,P.1
4233,B.1.1.7
4234,B.1.1.7
4235,B.1.1.7
4236,B.1.1.7
4237,B.1.1.7
4238,B.1.1.7
4239,B.1.617.2
4240,AY.4
4241,B.1.1.7
4242,B.1.1.7
4243,B.1.1.7
4244,B.1.1.7
4245,B.1.1.519
4246,B.1.1.7
4247,B.1.1.7
4248,B.1.351
4249,B.1.1.7
4250,B.1.1.7
4251,B.1.1.7
4252,B.1.617.2
4253,B.1.526
4254,B.1.177
4255,B.1.258
4256,B.1.1.7
4257,B.1.526
4258,B.1.1.7
4259,D.2
4260,B.1.1.7
4261,B.1.617.2
4262,B.1.617.2
4263,B.1.1.7
4264,B.1.2
4265,B.1.1.7
4266,B.1.1.7
4267,AY.4
4268,B.1.1.7
4269,B.1.1.7
4270,B.1
4271,B.1.1.7
4272,B.1.1.7
4273,B.1.2
4274,B.1.1.7
4275,B.1.1.7
4276,B.1.526
4277,B.1.1.7
4278,AY.4
4279,B.1.1.7
4280,B.1.617.2
4281,B.1
4282,B.1.1.7
4283,B.1.617.2
4284,B.1.2
4285,B.1.617.2
4286,B.1.1.7
4287,B.1.1.7
4288,B.1.1.7
4289,B.1.1
4290,B.1.617.2
4291,B.1.617.2
4292,B.1.1.7
4293,B.1.1.7
4294,B.1.1.7
4295,B.1.1.7
4296,B.1.1.7
4297,AY.4
4298,B.1.1
4299,B.1.1.7
4300,B.1.617.2
4301,B.1.617.2
4302,AY.4
4303,B.1.427
4304,B.1.221
4305,P.1
4306,B.1.617.2
4307,B.1.1.7
4308,B.1.617.2
4309,B.1.1.7
4310,AY.4
4311,B.1.1.7
4312,B.1.526
4313,B.1
4314,B.1.1.7
4315,R.1
4316,B.1.617.2
4317,AY.4
4318,B.1.160
4319,B.1.1.7
4320,B.1
4321,B.1.1.7
4322,B.1.221
4323,AY.4
4324,AY.4
4325,B.1.1.7
4326,B.1.1.7
4327,B.1.1.519
4328,B.1.1.214
4329,R.1
4330,B.1.617.2
4331,B.1.1.7
4332,B.1.617.2
4333,B.1.1
4334,B.1.617.2
4335,B.1.1.7
4336,B.1.1.7
4337,B.1.1.7
4338,B.1.1.7
4339,B.1.1.7
4340,B.1.1.7
4341,B.1.1.7
4342,B.1.1.7
4343,D.2
4344,AY.4
4345,B.1.1.7
4346,B.1.427
4347,B.1.177
4348,B.1.1.7
4349,AY.4
4350,B.1.617.2
4351,B.1.1.7
4352,B.1.1.7
4353,B.1.1.7
4354,B.1.1.7
4355,B.1.429
4356,B.1.1.7
4357,B.1.1.7
4358,B.1.1.7
4359,B.1.1.7
4360,AY.12
4361,AY.4
4362,B.1.1.7
4363,B.1.1.7
4364,B.1.1.7
4365,B.1.1.7
4366,AY.4
4367,B.1.1.7
4368,R.1
4369,B.1.1.7
4370,B.1
4371,B.1.617.2
4372,AY.4
4373,B.1.2
4374,B.1.1.7
4375,B.1.429
4376,B.1
4377,B.1.617.2
4378,B.1.1.7
4379,P.1
4380,B.1.1.7
4381,B.1.2
4382,B.1.617.2
4383,B.1.2
4384,B.1.1.7
4385,B.1.351
4386,B.1.1.7
4387,B.1.1.7
4388,B.1.617.2
4389,B.1.1.7
4390,B.1.1.7
4391,B.1.1.7
4392,B.1.617.2
4393,B.1.617.2
4394,B.1.1
4395,B.1.617.2
4396,B.1.351
4397,P.1
4398,B.1.1.214
4399,B.1.1.7
4400,B.1.1.7
4401,B.1.2
4402,B.1.1.7
4403,B.1.1.7
4404,B.1.1.7
4405,B.1.617.2
4406,B.1.2
4407,B.1.617.2
4408,AY.4
4409,B.1.1.7
4410,B.1.1.7
4411,B.1.177
4412,B.1.1.7
4413,B.1.1.7
4414,B.1.1.7
4415,B.1.1.7
4416,B.1.1.7
4417,B.1.1.7
4418,B.1.1.7
4419,B.1.1.7
4420,D.2
4421,B.1.1.7
4422,B.1.351
4423,B.1.1.7
4424,P.1
4425,B.1.1.7
4426,B.1.2
4427,B.1.1.7
4428,B.1.1.7
4429,B.1.1.7
4430,B.1.1.7
4431,B.1.1.7
4432,B.1.1.7
4433,B.1.1.519
4434,B.1.617.2
4435,B.1.617.2
4436,B.1.1.7
4437,B.1.1.7
4438,B.1.1.7
4439,B.1
4440,B.1.1.7
4441,AY.4
4442,B.1.351
4443,B.1.617.2
4444,B.1
4445,B.1.177.21
4446,B.1.617.2
4447,B.1.617.2
4448,AY.4
4449,B.1.1.7
4450,B.1.617.2
4451,AY.4
4452,B.1.1.7
4453,B.1.1.7
4454,AY.4
4455,B.1.2
4456,B.1.177
4457,AY.4
4458,B.1.1.7
4459,B.1.1.7
4460,P.1
4461,B.1.1.7
4462,B.1.1.7
4463,B.1.526
4464,B.1.617.2
4465,B.1.160
4466,B.1.617.2
4467,B.1.1.7
4468,B.1.2
4469,D.2
4470,B.1.160
4471,B.1.1.7
4472,B.1.1.7
4473,B.1.1.7
4474,B.1.1.7
4475,B.1.351
4476,B.1.177
4477,B.1.2
4478,AY.12
4479,B.1.243
4480,B.1.1.7
4481,B.1.617.2
4482,B.1.1.519
4483,B.1.177
4484,B.1.617.2
4485,B.1.177
4486,B.1.1.7
4487,B.1.258
4488,B.1.617.2
4489,B.1.1.214
4490,B.1.1.7
4491,B.1.1.7
4492,B.1.1.7
4493,P.1
4494,B.1.617.2
4495,B.1.1.7
4496,B.1.1.7
4497,B.1.177
4498,AY.4
4499,B.1.617.2
4500,B.1.617.2
4501,B.1.1
4502,B.1.221
4503,B.1.1.7
4504,B.1.1.7
4505,AY.4
4506,B.1.177
4507,B.1.1.7
4508,B.1.617.2
4509,B.1.351
4510,B.1.1
4511,B.1.1.7
4512,B.1.1.7
4513,B.1.1.7
4514,AY.4
4515,B.1.1.7
4516,B.1.1.7
4517,B.1.526
4518,B.1.1
4519,AY.12
4520,B.1.1
4521,B.1.2
4522,B.1.1.7
4523,AY.4
4524,B.1
4525,B.1.1.7
4526,AY.4
4527,B.1.1.7
4528,P.1
4529,B.1.177
4530,B.1.1.7
4531,B.1.1.7
4532,B.1.1.7
4533,AY.4
4534,B.1.1.7
4535,B.1.1.7
4536,B.1.1.7
4537,B.1.1.7
4538,B.1.1.7
4539,B.1.1
4540,B.1.1.7
4541,B.1.617.2
4542,B.1.1.7
4543,B.1.1.7
4544,B.1.1.7
4545,AY.4
4546,B.1.427
4547,B.1.243
4548,B.1.1.7
4549,R.1
4550,B.1.177
4551,B.1.617.2
4552,B.1.1.7
4553,AY.4
4554,B.1.1.7
4555,B.1.427
4556,B.1.1.7
4557,B.1.1.7
4558,B.1.1.7
4559,AY.12
4560,B.1.1.7
4561,B.1.1.7
4562,D.2
4563,P.1
4564,B.1
4565,B.1.1.7
4566,B.1.1.519
4567,B.1.1.7
4568,B.1.1.7
4569,B.1
4570,B.1.429
4571,B.1.526
4572,B.1.1.7
4573,AY.4
4574,B.1.1.7
4575,B.1.1.7
4576,B.1.1.7
4577,B.1.177
4578,B.1
4579,B.1.1.7
4580,B.1.617.2
4581,B.1.1.7
4582,B.1.1.7
4583,P.1
4584,B.1.1.7
4585,B.1.351
4586,B.1.2
4587,B.1.429
4588,B.1.2
4589,B.1
4590,B.1.1.7
4591,B.1.1.7
4592,B.1.617.2
4593,B.1.2
4594,B.1.427
4595,B.1.2
4596,B.1.429
4597,B.1.1.7
4598,B.1
4599,B.1.1.7
4600,B.1.2
4601,B.1.1.7
4602,AY.4
4603,B.1.1.7
4604,B.1.1.7
4605,B.1.1.7
4606,B.1.177
4607,B.1.1.7
4608,B.1.617.2
4609,B.1.1.7
4610,B.1.1.7
4611,B.1.1.7
4612,B.1.1.7
4613,B.1.177
4614,P.1
4615,B.1.617.2
4616,B.1.617.2
4617,B.1.1.7
4618,B.1.1.7
4619,B.1.1.7
4620,AY.4
4621,B.1.1.7
4622,B.1.1.7
4623,B.1.160
4624,B.1.1.7
4625,R.1
4626,B.1.1.7
4627,B.1.2
4628,B.1.1
4629,B.1.1.7
4630,AY.4
4631,B.1.1.7
4632,B.1.1
4633,B.1.1
4634,B.1.1.7
4635,B.1.177
4636,B.1.1.7
4637,AY.4
4638,B.1.1.7
4639,B.1.1.7
4640,B.1.617.2
4641,B.1.1.7
4642,B.1.617.2
4643,AY.4
4644,AY.12
4645,B.1.1.7
4646,B.1.1.7
4647,AY.4
4648,B.1
4649,AY.4
4650,B.1.617.2
4651,B.1.1.7
4652,D.2
4653,B.1.2
4654,B.1.1.7
4655,B.1.177.21
4656,B.1.1.7
4657,B.1.1.7
4658,B.1.1.7
4659,B.1.258
4660,B.1.617.2
4661,B.1.351
4662,B.1.1.7
4663,B.1.1
4664,B.1.617.2
4665,B.1.1.7
4666,AY.4
4667,B.1.1.7
4668,B.1.1.7
4669,B.1.2
4670,B.1.1.519
4671,P.1
4672,B.1.526
4673,B.1.1.7
4674,B.1
4675,B.1.1.214
4676,B.1.1.7
4677,B.1.427
4678,B.1.617.2
4679,AY.12
4680,B.1.526
4681,B.1.221
4682,AY.12
4683,B.1.1.7
4684,AY.4
4685,B.1.1.7
4686,B.1.1.519
4687,B.1.1.7
4688,B.1.1.7
4689,B.1
4690,B.1.617.2
4691,B.1.1.7
4692,B.1.1.7
4693,B.1.526
4694,B.1
4695,B.1.1.7
4696,B.1.1.7
4697,B.1.617.2
4698,B.1.617.2
4699,B.1.1.7
4700,B.1.177
4701,B.1.1.7
4702,B.1.1.7
4703,B.1.1.7
4704,B.1.1.7
4705,AY.12
4706,B.1.617.2
4707,B.1.2
4708,B.1.1.7
4709,B.1.1.7
4710,P.1
4711,B.1.1.7
4712,AY.4
4713,B.1.177
4714,B.1.1.7
4715,B.1.1.7
4716,B.1.1.7
4717,B.1.617.2
4718,B.1.1.7
4719,B.1.1.7
4720,B.1.427
4721,B.1.1.7
4722,B.1.429
4723,B.1.177
4724,AY.4
4725,B.1.1.7
4726,B.1.1.7
4727,B.1.1.7
4728,B.1.1.519
4729,B.1.1.7
4730,B.1.1.7
4731,B.1.1.7
4732,B.1.1.7
4733,B.1.160
4734,B.1.1.7
4735,B.1.429
4736,B.1.617.2
4737,B.1.1.7
4738,B.1.1.7
4739,P.1
4740,B.1.1.7
4741,B.1.617.2
4742,R.1
4743,B.1.617.2
4744,B.1.617.2
4745,B.1.1.7
4746,AY.4
4747,B.1.1.7
4748,R.1
4749,B.1.2
4750,B.1.1.7
4751,B.1.1.7
4752,B.1.2
4753,B.1.1.7
4754,B.1.1.7
4755,B.1.617.2
4756,B.1.1.7
4757,B.1.1.519
4758,B.1.1.7
4759,B.1.1.7
4760,B.1.617.2
4761,B.1.429
4762,B.1.1.7
4763,B.1.1.7
4764,B.1.1.7
4765,B.1.1.7
4766,B.1.1.7
4767,B.1.1.7
4768,B.1.1.7
4769,B.1.617.2
4770,B.1.1.7
4771,B.1.1.7
4772,AY.12
4773,B.1.1.7
4774,P.1
4775,B.1.1.7
4776,B.1.526
4777,AY.4
4778,AY.4
4779,B.1.1.7
4780,B.1.1.7
4781,B.1.617.2
4782,B.1.1.7
4783,B.1.1.7
4784,B.1.1.7
4785,B.1.526
4786,B.1.1.7
4787,B.1.1.7
4788,B.1.1.7
4789,B.1.1.7
4790,B.1.1.7
4791,B.1.1.7
4792,B.1.1.7
4793,B.1.160
4794,B.1.1.7
4795,B.1.617.2
4796,B.1
4797,B.1.1.7
4798,B.1.1.7
4799,R.1
4800,B.1.617.2
4801,B.1.1.7
4802,B.1.1.7
4803,AY.4
4804,B.1.177
4805,B.1.1.7
4806,AY.4
4807,B.1.1.7
4808,B.1
4809,B.1.1.7
4810,B.1.1.7
4811,B.1.258
4812,B.1.1.7
4813,B.1.1.7
4814,B.1.1.7
4815,AY.4
4816,AY.4
4817,B.1.1.7
4818,B.1.1.7
4819,B.1.526
4820,P.1
4821,AY.4
4822,B.1.1.7
4823,AY.4
4824,B.1.1.7
4825,B.1.617.2
4826,B.1.2
4827,B.1.1.7
4828,AY.4
4829,B.1.1.7
4830,B.1.617.2
4831,B.1
4832,B.1.1.7
4833,B.1.1.7
4834,B.1.177
4835,B.1.221
4836,B.1.1.7
4837,B.1.160
4838,B.1.1
4839,B.1.1.7
4840,B.1.1.7
4841,B.1.1.7
4842,B.1.1.7
4843,B.1.617.2
4844,B.1.177
4845,B.1.617.2
4846,B.1.427
4847,B.1.1.7
4848,B.1
4849,B.1.1.7
4850,B.1.617.2
4851,B.1.526
4852,B.1.1.7
4853,B.1.1.7
4854,B.1.1.7
4855,B.1.1.7
4856,B.1.617.2
4857,B.1.2
4858,B.1.258
4859,B.1.1.7
4860,B.1.427
4861,P.1
4862,B.1.1.7
4863,B.1.1.7
4864,B.1.1.7
4865,B.1.1.7
4866,B.1.1.7
4867,B.1.617.2
4868,B.1.1
4869,B.1.1.7
4870,AY.12
4871,B.1
4872,B.1.1.7
4873,B.1.177
4874,B.1.1.7
4875,B.1.1.7
4876,B.1.1.7
4877,B.1.177
4878,B.1.1.7
4879,B.1.1.7
4880,B.1
4881,B.1.1.7
4882,B.1.1.7
4883,B.1.1.7
4884,B.1.617.2
4885,B.1.617.2
4886,B.1.1.7
4887,B.1.1
4888,AY.4
4889,B.1.243
4890,B.1.1.7
4891,B.1.1.7
4892,B.1.1.7
4893,B.1.1.7
4894,B.1.351
4895,AY.4
4896,B.1.1.7
4897,B.1.617.2
4898,B.1.1.7
4899,B.1
4900,B.1.1.214
4901,B.1.1.7
4902,AY.4
4903,B.1.617.2
4904,B.1.1.7
4905,AY.4
4906,B.1.1.7
4907,B.1.617.2
4908,B.1.2
4909,B.1.1.7
4910,B.1.177
4911,B.1.1.7
4912,B.1.1.7
4913,B.1.1
4914,B.1.1.7
4915,AY.4
4916,B.1.1.7
4917,B.1.1.7
4918,B.1.526
4919,B.1.1.7
4920,B.1.243
4921,B.1.617.2
4922,AY.4
4923,B.1.427
4924,B.1.1.7
4925,B.1.1.7
4926,B.1.351
4927,B.1.617.2
4928,B.1.617.2
4929,B.1
4930,B.1.1.7
4931,B.1.2
4932,B.1.1.7
4933,B.1.1.7
4934,B.1.617.2
4935,B.1.1.7
4936,D.2
4937,B.1.1.7
4938,B.1.617.2
4939,B.1.2
4940,B.1.1.7
4941,B.1.526
4942,B.1.2
4943,B.1.1.7
4944,P.1
4945,B.1.617.2
4946,B.1.2
4947,B.1.617.2
4948,B.1.1
4949,B.1.617.2
4950,AY.4
4951,B.1.2
4952,B.1.1.7
4953,R.1
4954,B.1.1.7
4955,B.1.1.7
4956,B.1.1.7
4957,D.2
4958,P.1
4959,B.1.1.7
4960,AY.4
4961,B.1.1.7
4962,B.1.1.7
4963,B.1.1.7
4964,B.1.1.214
4965,B.1.1.7
4966,B.1
4967,B.1.1.7
4968,B.1.1.7
4969,B.1.1.7
4970,B.1.427
4971,B.1.1.7
4972,B.1.160
4973,B.1.2
4974,B.1.1.7
4975,B.1.1.7
4976,B.1.1.7
4977,B.1.1.7
4978,B.1.617.2
4979,AY.4
4980,AY.12
4981,B.1.1.7
4982,B.1.617.2
4983,B.1.1.7
4984,B.1.177
4985,AY.4
4986,B.1.1.7
4987,B.1.1.7
4988,B.1.1.7
4989,B.1.1
4990,B.1.160
4991,B.1.351
4992,B.1.1.7
4993,B.1.1.7
4994,B.1.1.7
4995,B.1.1.214
4996,B.1.1.7
4997,B.1.617.2
4998,B.1.1.7
4999,B.1.1.7
5000,B.1.1
5001,B.1.1.7
5002,B.1.617.2
5003,B.1.617.2
5004,B.1.351
5005,B.1.1.7
5006,B.1.1.7
5007,B.1.617.2
5008,B.1.1.7
5009,B.1.1.7
5010,B.1.1.7
5011,B.1.1.7
5012,B.1.429
5013,B.1.1.7
5014,B.1.1.7
5015,B.1.2
5016,B.1.1.7
5017,B.1.1.7
5018,B.1.1.7
5019,B.1.617.2
5020,B.1.1.7
5021,AY.12
5022,B.1.2
5023,B.1
5024,AY.4
5025,B.1.2
5026,B.1.1.7
5027,B.1.1.7
5028,B.1.177
5029,AY.12
5030,B.1.2
5031,B.1.1.7
5032,B.1.2
5033,AY.4
5034,AY.4
5035,P.1
5036,B.1.1.7
5037,B.1.617.2
5038,B.1.160
5039,AY.4
5040,B.1.2
5041,B.1.617.2
5042,B.1.2
5043,B.1.2
5044,B.1.1.7
5045,B.1.1.7
5046,B.1.1.7
5047,B.1.429
5048,B.1.1.7
5049,B.1.1.7
5050,B.1.1.7
5051,B.1.1.7
5052,B.1.617.2
5053,B.1.1
5054,B.1.617.2
5055,B.1.617.2
5056,B.1.1.7
5057,B.1.1.7
5058,B.1.1.7
5059,B.1.1.7
5060,B.1.1.7
5061,B.1.1.7
5062,AY.4
5063,B.1.617.2
5064,B.1.1.7
5065,B.1.2
5066,B.1.1.7
5067,B.1.1.7
5068,B.1.1.7
5069,B.1.1.7
5070,AY.4
5071,B.1.1.7
5072,AY.4
5073,B.1.1.7
5074,B.1.1.7
5075,B.1.1.7
5076,B.1.1.7
5077,B.1.1.7
5078,B.1.617.2
5079,B.1.617.2
5080,B.1.1.7
5081,AY.4
5082,B.1.617.2
5083,B.1.2
5084,B.1.1.7
5085,B.1.1.7
5086,B.1.1.7
5087,B.1.1.7
5088,B.1.1.7
5089,B.1.1.7
5090,B.1.1.7
5091,B.1
5092,B.1.617.2
5093,P.1
5094,B.1.1.7
5095,B.1.1.7
5096,B.1.1.7
5097,B.1.617.2
5098,AY.4
5099,B.1.1.7
5100,B.1
5101,B.1.617.2
5102,B.1.1.7
5103,B.1.1.7
5104,AY.4
5105,B.1.1.7
5106,B.1.177
5107,B.1.617.2
5108,B.1.429
5109,B.1.1.214
5110,B.1.1.7
5111,B.1
5112,B.1.1.7
5113,B.1.1.7
5114,B.1.1.7
5115,B.1.1.7
5116,B.1.1.7
5117,B.1.617.2
5118,B.1.177
5119,AY.4
5120,B.1.617.2
5121,AY.4
5122,B.1.177
5123,B.1.2
5124,B.1.526
5125,B.1.177
5126,B.1.2
5127,B.1.1.7
5128,B.1.1.7
5129,B.1.221
5130,B.1.617.2
5131,B.1.617.2
5132,B.1.1.7
5133,B.1.1.7
5134,B.1.617.2
5135,B.1.2
5136,B.1.177
5137,B.1.429
5138,B.1.617.2
5139,B.1.1.7
5140,B.1.1.7
5141,B.1.1.7
5142,B.1.1.7
5143,B.1.427
5144,B.1.1.7
5145,B.1.2
5146,B.1.177
5147,B.1
5148,B.1.429
5149,B.1.1.7
5150,B.1.1.7
5151,B.1.1.7
5152,B.1
5153,B.1.1.7
5154,B.1.258
5155,P.1
5156,B.1
5157,B.1.1.7
5158,B.1.617.2
5159,B.1.1.7
5160,B.1.1.7
5161,B.1.1.7
5162,B.1.1.7
5163,B.1.1.7
5164,B.1.429
5165,B.1.160
5166,B.1.1.7
5167,B.1.1.7
5168,B.1.617.2
5169,B.1.1.7
5170,B.1.617.2
5171,B.1.1.7
5172,B.1.1.7
5173,AY.4
5174,B.1.1.7
5175,B.1.2
5176,B.1.1.7
5177,B.1.1.7
5178,B.1.177
5179,AY.4
5180,D.2
5181,B.1.1.7
5182,B.1.617.2
5183,B.1.1.7
5184,AY.4
5185,B.1.177
5186,B.1.1.7
5187,B.1.258
5188,B.1.160
5189,B.1.1.7
5190,B.1.1.214
5191,B.1.1.7
5192,B.1.1.7
5193,B.1.177
5194,B.1.1
5195,B.1.617.2
5196,B.1.1.7
5197,B.1.1.7
5198,B.1.1.7
5199,B.1.1.7
5200,AY.4
5201,B.1.617.2
5202,B.1.1.7
5203,B.1.1.7
5204,P.1
5205,D.2
5206,B.1.1.7
5207,B.1.1.7
5208,AY.4
5209,B.1.2
5210,B.1.1.7
5211,B.1.1.7
5212,B.1.617.2
5213,B.1.1.7
5214,AY.4
5215,B.1
5216,B.1.351
5217,B.1.1.7
5218,B.1.1.7
5219,B.1.160
5220,B.1.1.7
5221,B.1.617.2
5222,B.1.2
5223,B.1.1.7
5224,B.1.1.7
5225,P.1
5226,B.1
5227,B.1.1.7
5228,B.1.1.7
5229,P.1
5230,D.2
5231,B.1.1
5232,B.1.1.7
5233,B.1.617.2
5234,B.1.2
5235,B.1.617.2
5236,B.1.1.7
5237,B.1.1
5238,B.1.1.519
5239,B.1.526
5240,B.1.1.7
5241,B.1.1.7
5242,B.1.1.7
5243,B.1.2
5244,B.1.177
5245,B.1.1.7
5246,P.1
5247,B.1
5248,B.1.1.7
5249,B.1.1.7
5250,B.1.617.2
5251,B.1.1
5252,B.1.1.7
5253,B.1.1.7
5254,AY.4
5255,B.1.617.2
5256,AY.4
5257,B.1.1.7
5258,B.1.1.7
5259,AY.4
5260,B.1.1.7
5261,B.1.1.7
5262,B.1.1
5263,B.1.1.7
5264,B.1.1.7
5265,B.1.1.7
5266,AY.4
5267,B.1.1.7
5268,B.1.1.7
5269,B.1.1.7
5270,AY.4
5271,B.1.617.2
5272,B.1.1.7
5273,B.1.1.7
5274,B.1.617.2
5275,B.1.526
5276,B.1.2
5277,B.1.1.7
5278,AY.4
5279,B.1.617.2
5280,B.1.1
5281,B.1.1.7
5282,B.1.617.2
5283,B.1.2
5284,B.1.1.519
5285,B.1.2
5286,B.1.617.2
5287,B.1.1
5288,B.1.1.7
5289,P.1
5290,B.1.1.7
5291,AY.4
5292,B.1.1.7
5293,B.1.617.2
5294,B.1.2
5295,B.1.1.7
5296,B.1.1.7
5297,B.1.177
5298,B.1.1.7
5299,B.1.1.7
5300,B.1.160
5301,B.1.1.7
5302,D.2
5303,B.1.1.7
5304,B.1.177
5305,B.1.1.7
5306,B.1.1.7
5307,B.1.617.2
5308,B.1.526
5309,AY.4
5310,B.1.617.2
5311,B.1.617.2
5312,B.1.2
5313,B.1.1.7
5314,B.1.2
5315,B.1.1.7
5316,B.1.1.7
5317,B.1.1.7
5318,B.1
5319,B.1.1.7
5320,B.1.1.7
5321,B.1.427
5322,AY.4
5323,B.1.177
5324,B.1.177.21
5325,B.1.617.2
5326,B.1.1.7
5327,B.1.177.21
5328,AY.4
5329,B.1.1.7
5330,B.1.617.2
5331,B.1.1.7
5332,P.1
5333,B.1.2
5334,B.1.429
5335,B.1.177
5336,AY.4
5337,B.1.1.7
5338,B.1.617.2
5339,B.1.258
5340,B.1.1.7
5341,B.1.1.7
5342,B.1.1.7
5343,B.1.1.7
5344,B.1.617.2
5345,B.1.1.7
5346,B.1.617.2
5347,B.1.429
5348,B.1.429
5349,B.1.1.7
5350,B.1.351
5351,B.1.160
5352,AY.4
5353,B.1
5354,B.1.177
5355,B.1.617.2
5356,B.1.1.7
5357,B.1.1.7
5358,AY.4
5359,B.1
5360,B.1.617.2
5361,B.1.1.7
5362,B.1.1.7
5363,P.1
5364,B.1.1.7
5365,B.1.617.2
5366,AY.4
5367,B.1.617.2
5368,B.1.1.7
5369,B.1.1.7
5370,B.1.1.7
5371,B.1.177
5372,AY.4
5373,B.1.617.2
5374,B.1
5375,B.1.1.7
5376,B.1.1.7
5377,B.1.1.7
5378,B.1.1.7
5379,B.1.177.21
5380,AY.4
5381,AY.12
5382,B.1.1
5383,B.1.1.7
5384,AY.4
5385,B.1.1.7
5386,AY.12
5387,B.1.1.7
5388,B.1.1.7
5389,AY.4
5390,B.1.1.7
5391,B.1.1.7
5392,B.1.221
5393,B.1.1.7
5394,B.1.1.7
5395,B.1.177
5396,B.1.1.7
5397,B.1.177
5398,B.1.1.7
5399,B.1.1.7
5400,B.1.617.2
5401,B.1.1.7
5402,B.1
5403,B.1.617.2
5404,B.1.1.7
5405,B.1.1.7
5406,AY.4
5407,B.1.1.7
5408,B.1.1.7
5409,AY.4
5410,AY.4
5411,B.1.1.7
5412,B.1.1.7
5413,B.1.617.2
5414,B.1.2
5415,B.1.1
5416,B.1.1.7
5417,B.1.2
5418,B.1.1.7
5419,B.1.1.7
5420,B.1.617.2
5421,B.1.1.7
5422,B.1.2
5423,B.1.617.2
5424,B.1.1.7
5425,B.1.1.7
5426,B.1.1.7
5427,B.1.160
5428,B.1.1
5429,AY.4
5430,B.1.526
5431,B.1.1
5432,B.1.1.7
5433,B.1.1.7
5434,B.1.1.7
5435,AY.4
5436,B.1.1.7
5437,B.1.1.7
5438,B.1.2
5439,B.1.351
5440,B.1.1.7
5441,B.1.1.7
5442,B.1.617.2
5443,AY.4
5444,B.1.617.2
5445,B.1.1.7
5446,B.1.243
5447,B.1.429
5448,B.1.1.7
5449,B.1.1.7
5450,B.1.1.7
5451,B.1.1.7
5452,B.1.1.7
5453,B.1.1.7
5454,B.1.2
5455,B.1.617.2
5456,B.1.1.7
5457,B.1.1.7
5458,B.1.617.2
5459,B.1.617.2
5460,B.1.617.2
5461,B.1.1.7
5462,B.1.617.2
5463,B.1.1.7
5464,B.1.617.2
5465,AY.4
5466,B.1.1.7
5467,B.1.351
5468,B.1.1.7
5469,B.1.221
5470,B.1.1.7
5471,B.1.1.7
5472,B.1.258
5473,B.1.1.7
5474,B.1.1.7
5475,AY.4
5476,D.2
5477,B.1.617.2
5478,B.1.221
5479,B.1.1.7
5480,B.1.1.7
5481,B.1.2
5482,B.1
5483,B.1
5484,B.1.2
5485,B.1.1
5486,B.1.1.7
5487,B.1.617.2
5488,B.1.1.7
5489,B.1.617.2
5490,B.1.1.519
5491,B.1.1.7
5492,B.1.177
5493,B.1.1.7
5494,AY.12
5495,B.1.1.7
5496,B.1.1.7
5497,B.1.1.7
5498,B.1.2
5499,B.1
5500,B.1.1.7
5501,B.1.617.2
5502,AY.4
5503,B.1.1.7
5504,B.1.1.7
5505,B.1.1.7
5506,B.1.427
5507,B.1.177.21
5508,B.1.1.7
5509,B.1.1.7
5510,B.1
5511,AY.4
5512,B.1.1.7
5513,B.1.617.2
5514,B.1.1.7
5515,B.1.1.7
5516,B.1.1.7
5517,B.1.617.2
5518,AY.4
5519,B.1.1.7
5520,B.1.526
5521,B.1.2
5522,B.1.177
5523,AY.4
5524,B.1.1.7
5525,B.1.617.2
5526,B.1.1.7
5527,B.1.617.2
5528,B.1.429
5529,B.1.1.7
5530,AY.4
5531,AY.4
5532,B.1.2
5533,B.1.1.7
5534,B.1.2
5535,B.1.617.2
5536,B.1.351
5537,B.1.1.7
5538,B.1.1.7
5539,B.1.2
5540,P.1
5541,B.1.1.7
5542,B.1
5543,B.1.2
5544,B.1.1.7
5545,P.1
5546,AY.12
5547,B.1.1.7
5548,B.1
5549,B.1.177
5550,B.1.1.7
5551,B.1.1.7
5552,AY.4
5553,B.1.1.7
5554,B.1.1.7
5555,B.1.617.2
5556,B.1.2
5557,B.1.1.7
5558,B.1.1.7
5559,B.1.1.7
5560,B.1.1.519
5561,B.1.617.2
5562,B.1.2
5563,B.1.2
5564,B.1.1.7
5565,B.1.1.7
5566,B.1.1.7
5567,B.1.1.7
5568,B.1.1.7
5569,B.1.177.21
5570,AY.4
5571,B.1.221
5572,B.1.1.7
5573,B.1.258
5574,AY.4
5575,B.1
5576,B.1.1.7
5577,B.1.429
5578,B.1.1.7
5579,B.1.1.7
5580,B.1.617.2
5581,AY.4
5582,B.1.1.7
5583,B.1.1.7
5584,B.1.351
5585,B.1.351
5586,B.1.526
5587,B.1.1.7
5588,B.1.1.7
5589,B.1
5590,B.1.427
5591,P.1
5592,B.1.1.7
5593,B.1.1.7
5594,B.1.1.214
5595,B.1.1.7
5596,B.1.1.7
5597,B.1.1.7
5598,B.1.177
5599,AY.12
5600,B.1.258
5601,B.1.1.7
5602,B.1.258
5603,B.1.2
5604,B.1.1.7
5605,B.1.1.7
5606,P.1
5607,B.1.1.7
5608,B.1.526
5609,P.1
5610,B.1.1.7
5611,AY.4
5612,B.1.177.21
5613,B.1.1
5614,B.1.177.21
5615,AY.4
5616,B.1.1.7
5617,AY.4
5618,P.1
5619,B.1.617.2
5620,B.1.1.7
5621,B.1.243
5622,B.1.1.7
5623,AY.4
5624,B.1.1
5625,B.1.1.7
5626,AY.4
5627,B.1.617.2
5628,B.1
5629,B.1.1.7
5630,B.1.1.7
5631,AY.4
5632,B.1.617.2
5633,B.1.617.2
5634,B.1.617.2
5635,B.1.1.7
5636,B.1.1.7
5637,B.1.351
5638,B.1.1.7
5639,B.1.1.214
5640,B.1.617.2
5641,B.1.1.7
5642,B.1.1.7
5643,B.1.1.7
5644,B.1.1.7
5645,B.1.1.7
5646,B.1.1.7
5647,AY.4
5648,B.1
5649,B.1.177
5650,AY.12
5651,B.1.2
5652,B.1.1.214
5653,AY.12
5654,B.1.1
5655,B.1.2
5656,AY.4
5657,AY.4
5658,B.1.2
5659,B.1.243
5660,B.1.1.7
5661,B.1.1.7
5662,B.1.1.7
5663,AY.4
5664,B.1.1.7
5665,AY.12
5666,B.1.1.7
5667,B.1.617.2
5668,B.1.617.2
5669,B.1.1.7
5670,B.1.2
5671,B.1.1.7
5672,B.1.617.2
5673,B.1.617.2
5674,B.1.2
5675,B.1.617.2
5676,B.1.617.2
5677,B.1.1.7
5678,B.1.1.7
5679,B.1.1.214
5680,B.1.1.7
5681,B.1
5682,B.1.617.2
5683,B.1.526
5684,B.1.1.7
5685,B.1.617.2
5686,B.1.1.7
5687,AY.4
5688,B.1.1.7
5689,AY.4
5690,P.1
5691,B.1.1.7
5692,B.1.1.7
5693,B.1.1.7
5694,B.1.1.7
5695,B.1.1.7
5696,AY.4
5697,AY.4
5698,B.1.1.7
5699,AY.4
5700,B.1.2
5701,B.1.1.7
5702,B.1.1.7
5703,B.1.1.7
5704,B.1.1.7
5705,B.1.1.214
5706,B.1
5707,AY.4
5708,B.1.1.7
5709,B.1.1.7
5710,B.1.1.7
5711,B.1.617.2
5712,B.1.1.7
5713,B.1.429
5714,B.1
5715,B.1.243
5716,B.1.617.2
5717,B.1.617.2
5718,B.1.1.7
5719,B.1.617.2
5720,B.1.1.7
5721,B.1.2
5722,B.1.1.7
5723,B.1.1.7
5724,B.1.351
5725,B.1.1.7
5726,AY.4
5727,B.1.1.7
5728,B.1.617.2
5729,B.1.1.7
5730,AY.12
5731,B.1.1.7
5732,B.1.1.7
5733,B.1.1.519
5734,B.1.1.7
5735,B.1.617.2
5736,B.1.1.7
5737,B.1
5738,B.1
5739,AY.4
5740,R.1
5741,B.1.1.7
5742,B.1.1.7
5743,B.1.1.7
5744,B.1.1.7
5745,B.1.1.7
5746,B.1.1.7
5747,B.1.617.2
5748,B.1.1.7
5749,B.1.1.7
5750,B.1.1.7
5751,B.1.1.7
5752,B.1.617.2
5753,B.1.1.7
5754,B.1.1.7
5755,B.1.1.7
5756,B.1.1.7
5757,B.1
5758,B.1.1.214
5759,AY.4
5760,B.1.1.7
5761,P.1
5762,B.1.617.2
5763,AY.4
5764,B.1.617.2
5765,AY.4
5766,B.1.617.2
5767,B.1.160
5768,AY.4
5769,AY.12
5770,B.1.1.7
5771,B.1.427
5772,B.1.526
5773,B.1.617.2
5774,B.1.1.7
5775,AY.4
5776,B.1.427
5777,AY.4
5778,B.1.1.7
5779,B.1.617.2
5780,B.1.1.7
5781,B.1.1.7
5782,AY.4
5783,B.1.351
5784,B.1.617.2
5785,B.1.221
5786,AY.4
5787,B.1.617.2
5788,B.1.1.7
5789,B.1.1.7
5790,B.1.2
5791,B.1.1.7
5792,B.1.617.2
5793,B.1
5794,B.1.1.7
5795,B.1.1.7
5796,B.1.1.7
5797,B.1.617.2
5798,B.1.1.7
5799,B.1.1
5800,B.1.1.7
5801,B.1.1.7
5802,B.1.258
5803,AY.4
5804,B.1.1.7
5805,AY.4
5806,AY.4
5807,B.1.1.7
5808,B.1.160
5809,B.1.1.7
5810,B.1.1.7
5811,B.1.1.7
5812,AY.4
5813,B.1.351
5814,B.1.1.7
5815,B.1.617.2
5816,B.1.2
5817,B.1.1
5818,B.1.617.2
5819,AY.12
5820,B.1.617.2
5821,B.1.617.2
5822,B.1.429
5823,B.1.1.519
5824,B.1.617.2
5825,B.1.1.7
5826,AY.4
5827,B.1.1.7
5828,B.1.1.7
5829,B.1.1.7
5830,B.1.1.7
5831,B.1.1.7
5832,B.1.221
5833,B.1.1.7
5834,B.1.617.2
5835,B.1.1.7
5836,B.1.429
5837,B.1.1.7
5838,B.1.2
5839,B.1.160
5840,B.1.617.2
5841,P.1
5842,B.1.1.7
5843,B.1.1.7
5844,R.1
5845,B.1.1.7
5846,B.1.617.2
5847,B.1.1.7
5848,B.1.1.7
5849,B.1
5850,B.1.1.7
5851,B.1.1.7
5852,B.1.617.2
5853,AY.4
5854,B.1.177.21
5855,B.1.2
5856,B.1.1.7
5857,B.1.1.7
5858,B.1.1.7
5859,B.1.1.7
5860,AY.4
5861,B.1.617.2
5862,B.1.1.7
5863,P.1
5864,B.1.617.2
5865,B.1.1.7
5866,B.1.617.2
5867,B.1.1.7
5868,B.1.1.7
5869,B.1.1.7
5870,B.1.1.7
5871,B.1.2
5872,B.1.1.7
5873,B.1.617.2
5874,B.1.1.7
5875,B.1.617.2
5876,AY.4
5877,AY.4
5878,B.1.177
5879,B.1.1.7
5880,B.1.1.7
5881,B.1.1.7
5882,B.1.177
5883,B.1.617.2
5884,B.1.617.2
5885,B.1.1.7
5886,B.1.1.7
5887,B.1.1.7
5888,B.1.1.7
5889,B.1.617.2
5890,B.1.1.7
5891,B.1.1.519
5892,P.1
5893,B.1.1.7
5894,B.1.1.519
5895,B.1.1.7
5896,B.1.1.7
5897,B.1.1.7
5898,B.1.1.7
5899,B.1.1.7
5900,AY.4
5901,B.1.1.7
5902,B.1.1.7
5903,B.1.1.7
5904,B.1.1.7
5905,AY.4
5906,R.1
5907,B.1.617.2
5908,B.1.526
5909,B.1.429
5910,B.1.1.7
5911,P.1
5912,B.1.427
5913,B.1.1.7
5914,B.1.1.7
5915,B.1.1.7
5916,B.1.1.519
5917,B.1
5918,B.1.1.7
5919,B.1.177.21
5920,AY.4
5921,B.1.429
5922,B.1.1.7
5923,B.1.1.7
5924,B.1.1.7
5925,B.1.1.7
5926,B.1.1.7
5927,AY.4
5928,R.1
5929,B.1.617.2
5930,AY.4
5931,B.1
5932,B.1.617.2
5933,B.1.243
5934,B.1.1.7
5935,B.1.1.7
5936,B.1.1.7
5937,B.1.1.7
5938,B.1.1.7
5939,B.1.1.7
5940,B.1.617.2
5941,B.1.1.7
5942,B.1.1.214
5943,B.1.1.7
5944,B.1.526
5945,B.1.1.7
5946,AY.4
5947,AY.4
5948,B.1.1.7
5949,B.1.617.2
5950,B.1.1.7
5951,B.1.1.7
5952,B.1.177
5953,B.1.429
5954,B.1.526
5955,B.1
5956,B.1.1.7
5957,P.1
5958,B.1.2
5959,B.1.1.7
5960,B.1.617.2
5961,B.1.177
5962,B.1.617.2
5963,B.1.617.2
5964,B.1.1.7
5965,B.1.1.7
5966,B.1.617.2
5967,B.1.1.7
5968,B.1.1.7
5969,B.1.1.7
5970,B.1.1.7
5971,R.1
5972,B.1
5973,B.1.617.2
5974,B.1.1.7
5975,AY.4
5976,B.1.1.7
5977,B.1.1.7
5978,AY.4
5979,P.1
5980,B.1
5981,B.1.1.7
5982,B.1.526
5983,B.1.1.7
5984,P.1
5985,B.1.1.7
5986,B.1.1.7
5987,B.1.1.7
5988,B.1.1.7
5989,D.2
5990,AY.4
5991,B.1.1.214
5992,B.1.1.7
5993,B.1.1.7
5994,B.1.177
5995,B.1.1.7
5996,B.1.617.2
5997,B.1.1.214
5998,B.1.1.7
5999,B.1
6000,B.1.617.2
6001,B.1.617.2
6002,B.1.2
6003,B.1.351
6004,B.1.1.7
6005,B.1.617.2
6006,B.1.1.7
6007,D.2
6008,B.1.1.7
6009,B.1.1.214
6010,B.1.1.7
6011,B.1.1.7
6012,B.1.1.7
6013,B.1.617.2
6014,B.1.1.7
6015,B.1.1.7
6016,B.1.221
6017,B.1.1.7
6018,B.1.1.7
6019,B.1.617.2
6020,B.1.1.7
6021,B.1.427
6022,B.1.429
6023,B.1.1.7
6024,B.1.1.214
6025,B.1.2
6026,B.1.617.2
6027,B.1.1.7
6028,B.1.1.7
6029,R.1
6030,B.1.429
6031,B.1.243
6032,B.1.160
6033,B.1
6034,B.1.1.7
6035,B.1.1.7
6036,B.1.1.519
6037,B.1.617.2
6038,B.1.1.7
6039,P.1
6040,B.1.1.7
6041,B.1.1.7
6042,B.1.1.7
6043,B.1.351
6044,B.1.617.2
6045,B.1.1.214
6046,B.1.617.2
6047,B.1.2
6048,B.1
6049,B.1.1.7
6050,AY.4
6051,B.1.1.7
6052,B.1.1.7
6053,AY.4
6054,B.1.1.7
6055,B.1.1.7
6056,B.1.617.2
6057,AY.4
6058,B.1.1.7
6059,B.1.2
6060,AY.4
6061,B.1.1.7
6062,B.1.1.7
6063,B.1.1
6064,B.1.1.7
6065,B.1.1.519
6066,B.1.1.7
6067,B.1
6068,B.1.617.2
6069,P.1
6070,B.1.177
6071,B.1.1.7
6072,B.1.617.2
6073,B.1.617.2
6074,B.1.1.7
6075,B.1.1.7
6076,B.1.1.7
6077,B.1.427
6078,B.1.1.7
6079,B.1.243
6080,B.1.1.7
6081,B.1.1.7
6082,B.1.2
6083,B.1.160
6084,AY.4
6085,B.1.2
6086,B.1.1.7
6087,B.1
6088,B.1.1.7
6089,B.1.1.7
6090,B.1.1.7
6091,B.1.2
6092,AY.12
6093,B.1.1.7
6094,B.1.1
6095,B.1.1.7
6096,B.1.1.7
6097,B.1.1.7
6098,B.1.177
6099,B.1.617.2
6100,P.1
6101,B.1.1.7
6102,B.1.1.7
6103,B.1.1.7
6104,B.1.1
6105,B.1.2
6106,B.1.1.7
6107,B.1.1.7
6108,B.1.1.7
6109,B.1.1.7
6110,B.1.617.2
6111,AY.4
6112,B.1.1.7
6113,B.1.526
6114,B.1.1.7
6115,B.1
6116,B.1.177
6117,AY.4
6118,B.1.1.7
6119,B.1.617.2
6120,B.1.1.7
6121,B.1.1.7
6122,B.1.526
6123,AY.12
6124,AY.4
6125,B.1.617.2
6126,AY.4
6127,AY.4
6128,B.1.617.2
6129,B.1.177
6130,B.1.1.7
6131,B.1.1.7
6132,B.1.1.7
6133,B.1.617.2
6134,B.1.1
6135,B.1.1.7
6136,B.1.1.7
6137,B.1.1.7
6138,AY.12
6139,AY.4
6140,B.1.1.7
6141,B.1.1.7
6142,B.1.1.7
6143,R.1
6144,B.1.1.7
6145,B.1.617.2
6146,B.1.1.7
6147,B.1
6148,B.1.177
6149,B.1.1.7
6150,B.1.1.7
6151,B.1.160
6152,B.1.1.7
6153,AY.4
6154,B.1.429
6155,AY.4
6156,B.1.2
6157,B.1.617.2
6158,B.1
6159,B.1.429
6160,AY.4
6161,P.1
6162,B.1.1.7
6163,B.1.1.7
6164,B.1.2
6165,P.1
6166,B.1.1.7
6167,B.1.1.7
6168,B.1.1.7
6169,B.1.1.7
6170,B.1.1.7
6171,B.1.221
6172,P.1
6173,B.1.177
6174,B.1.1
6175,B.1.2
6176,B.1.1.7
6177,B.1.1.7
6178,B.1.617.2
6179,B.1.1.7
6180,B.1.1.7
6181,B.1.617.2
6182,B.1.617.2
6183,B.1.617.2
6184,B.1.1.7
6185,B.1.1.7
6186,B.1.1.7
6187,B.1
6188,AY.4
6189,B.1.1.7
6190,B.1
6191,B.1.1.7
6192,B.1.1.7
6193,AY.4
6194,B.1.1.7
6195,B.1.1.7
6196,B.1.617.2
6197,B.1.1.7
6198,AY.4
6199,B.1.1.7
6200,B.1.1.7
6201,B.1.1.214
6202,B.1.1
6203,B.1.1.7
6204,B.1.617.2
6205,B.1.2
6206,B.1.1.7
6207,B.1.1.7
6208,B.1.1.7
6209,AY.4
6210,B.1.1.7
6211,B.1.1.7
6212,B.1.160
6213,D.2
6214,B.1.1.7
6215,B.1.617.2
6216,B.1.429
6217,B.1.1.7
6218,B.1.1.7
6219,B.1.617.2
6220,B.1.1.7
6221,B.1.617.2
6222,B.1.1.7
6223,B.1.1.7
6224,B.1.1.7
6225,B.1.1.7
6226,B.1.1
6227,P.1
6228,B.1.1.7
6229,B.1.1.7
6230,B.1.160
6231,B.1.1.7
6232,AY.4
6233,B.1.1.7
6234,B.1.1.7
6235,B.1.1.7
6236,B.1.160
6237,B.1.617.2
6238,B.1.1.7
6239,B.1.1.214
6240,B.1.1.7
6241,B.1.1.7
6242,B.1.1.7
6243,B.1.1.7
6244,B.1
6245,P.1
6246,B.1.351
6247,B.1.617.2
6248,B.1
6249,B.1.1.7
6250,B.1.617.2
6251,B.1.1.7
6252,B.1.617.2
6253,AY.4
6254,B.1.160
6255,AY.4
6256,B.1
6257,B.1.617.2
6258,B.1.617.2
6259,B.1.617.2
6260,AY.4
6261,B.1.1.7
6262,B.1.177.21
6263,B.1.1.214
6264,B.1.1.7
6265,B.1.1.7
6266,B.1.1.519
6267,B.1.2
6268,B.1.177
6269,B.1.160
6270,B.1.617.2
6271,B.1.1.7
6272,B.1.1.7
6273,B.1.1.7
6274,B.1.1.7
6275,P.1
6276,B.1.2
6277,B.1.1.7
6278,B.1.1.7
6279,B.1.617.2
6280,B.1.1.7
6281,B.1.1.7
6282,AY.4
6283,B.1.1
6284,B.1.1.7
6285,B.1.1.7
6286,B.1.1.7
6287,B.1.351
6288,B.1.526
6289,B.1.1.7
6290,B.1.1.7
6291,B.1.1.7
6292,B.1.1.7
6293,B.1.243
6294,B.1.1.7
6295,B.1.1.7
6296,B.1.1.7
6297,B.1.617.2
6298,B.1.1.7
6299,B.1.1.7
6300,B.1.1.7
6301,B.1.1.7
6302,B.1.2
6303,B.1.617.2
6304,P.1
6305,B.1.427
6306,B.1.2
6307,B.1.177
6308,B.1.1.7
6309,B.1.258
6310,B.1.1.7
6311,B.1.1.7
6312,B.1.1.7
6313,B.1.1.7
6314,B.1.2
6315,B.1.1.7
6316,R.1
6317,B.1.427
6318,B.1.1.7
6319,AY.4
6320,B.1.427
6321,B.1.617.2
6322,B.1.1.7
6323,B.1.1.7
6324,B.1.617.2
6325,B.1.1.7
6326,B.1.1.519
6327,B.1.1.7
6328,B.1.1.7
6329,AY.4
6330,B.1.1.7
6331,B.1.1.7
6332,B.1.1.7
6333,B.1.1.7
6334,B.1.177
6335,B.1.617.2
6336,B.1.617.2
6337,B.1.1.7
6338,B.1.2
6339,B.1.1.7
6340,B.1
6341,B.1.617.2
6342,AY.4
6343,B.1.1.7
6344,B.1.1.7
6345,B.1.1.7
6346,B.1.617.2
6347,B.1
6348,B.1.1.7
6349,B.1.2
6350,B.1.1.7
6351,B.1.1.7
6352,AY.4
6353,B.1.1.7
6354,B.1.1.7
6355,B.1.617.2
6356,B.1.617.2
6357,B.1.160
6358,AY.4
6359,B.1.1.7
6360,B.1.1.7
6361,B.1.1.7
6362,B.1.1.7
6363,B.1.1.7
6364,B.1.2
6365,R.1
6366,AY.4
6367,B.1.617.2
6368,B.1.1
6369,B.1.1.7
6370,B.1.2
6371,B.1.1.7
6372,AY.4
6373,B.1.2
6374,B.1.1.7
6375,B.1.2
6376,B.1.1.7
6377,B.1.2
6378,B.1.1.7
6379,AY.4
6380,B.1.617.2
6381,AY.12
6382,AY.4
6383,P.1
6384,B.1.177
6385,AY.4
6386,B.1.1.7
6387,B.1.1.7
6388,B.1.1.7
6389,B.1.1.7
6390,B.1.177.21
6391,B.1.1.7
6392,B.1.429
6393,B.1.177
6394,B.1.1.7
6395,B.1.1.7
6396,B.1.617.2
6397,B.1.1.7
6398,B.1.1.7
6399,B.1.526
6400,B.1.427
6401,B.1.1.7
6402,B.1.1.7
6403,B.1
6404,B.1.1.7
6405,B.1.1.7
6406,B.1.617.2
6407,AY.4
6408,B.1.1.7
6409,B.1.1.7
6410,B.1.1.7
6411,B.1
6412,B.1.526
6413,B.1.1.7
6414,B.1.1.7
6415,B.1.1.7
6416,B.1.617.2
6417,B.1.1.7
6418,B.1.2
6419,B.1.1.7
6420,B.1.1.7
6421,B.1.1.7
6422,B.1.177
6423,AY.4
6424,B.1.617.2
6425,B.1.1.7
6426,B.1.2
6427,AY.4
6428,B.1.1.7
6429,B.1.1.7
6430,B.1.617.2
6431,B.1.1
6432,B.1.177
6433,B.1.1.7
6434,B.1.617.2
6435,B.1.1.7
6436,B.1.427
6437,B.1.1.7
6438,B.1.1.7
6439,B.1
6440,B.1.1.7
6441,B.1.429
6442,B.1.1.7
6443,B.1.1.7
6444,B.1.177
6445,B.1.1.7
6446,B.1.1.7
6447,B.1.177
6448,B.1.1.7
6449,B.1.1.7
6450,B.1.617.2
6451,B.1.1.7
6452,B.1.2
6453,P.1
6454,B.1.1.7
6455,B.1.429
6456,B.1.1.7
6457,B.1.1.7
6458,AY.4
6459,B.1.351
6460,B.1.2
6461,B.1
6462,B.1
6463,B.1.1.7
6464,B.1.2
6465,B.1.1.7
6466,B.1.1.7
6467,B.1.617.2
6468,B.1.160
6469,B.1.617.2
6470,B.1.1.7
6471,B.1.1.7
6472,B.1.351
6473,B.1.1.7
6474,B.1.177
6475,B.1.1.7
6476,B.1
6477,B.1.1.7
6478,B.1.1.7
6479,B.1.617.2
6480,B.1.1.7
6481,AY.12
6482,B.1.1.7
6483,B.1.1.7
6484,B.1.427
6485,AY.4
6486,B.1.1.7
6487,B.1.2
6488,AY.4
6489,B.1.1.7
6490,B.1.1
6491,B.1.1
6492,B.1.617.2
6493,B.1.1.7
6494,B.1
6495,B.1.1
6496,B.1.221
6497,B.1.221
6498,B.1.1.7
6499,B.1.1.7
6500,B.1.1.7
6501,B.1.1.7
6502,B.1.617.2
6503,B.1.1.7
6504,B.1.177
6505,B.1.1.7
6506,B.1.427
6507,B.1.1.7
6508,B.1
6509,B.1.1.7
6510,B.1.2
6511,B.1.160
6512,B.1.2
6513,B.1.1.7
6514,B.1.1.7
6515,B.1.1.7
6516,B.1.1
6517,B.1.221
6518,B.1.2
6519,B.1.1.7
6520,B.1.1.7
6521,B.1.1
6522,B.1.1.7
6523,B.1.1.7
6524,B.1.1.7
6525,B.1.1.7
6526,B.1.2
6527,B.1.1.7
6528,AY.4
6529,B.1.617.2
6530,B.1.177
6531,B.1.1.7
6532,B.1.351
6533,B.1.1.7
6534,B.1.1.7
6535,B.1.1.7
6536,B.1.1.7
6537,B.1.1.7
6538,B.1.1.7
6539,B.1.1.7
6540,B.1.177
6541,B.1.1.7
6542,B.1.617.2
6543,B.1.2
6544,AY.4
6545,B.1.1.7
6546,B.1.429
6547,B.1.1.7
6548,B.1.177
6549,B.1.617.2
6550,AY.4
6551,B.1.617.2
6552,B.1.1.7
6553,B.1.1.7
6554,B.1.1.214
6555,B.1.617.2
6556,B.1.1.7
6557,B.1.1.7
6558,B.1.1.7
6559,B.1.177
6560,B.1.1.7
6561,B.1.526
6562,B.1.617.2
6563,B.1.1.7
6564,AY.4
6565,B.1
6566,B.1.1.7
6567,B.1.1.7
6568,B.1.1.7
6569,B.1.1.7
6570,B.1.617.2
6571,B.1.1.7
6572,B.1.1.7
6573,B.1.1.7
6574,B.1.1.7
6575,B.1.429
6576,P.1
6577,B.1
6578,P.1
6579,B.1.1.7
6580,B.1.1.7
6581,B.1.1.7
6582,B.1.1.7
6583,B.1.1.7
6584,B.1.1.7
6585,B.1.1.7
6586,B.1.1.7
6587,B.1.1.7
6588,AY.4
6589,B.1.1.7
6590,B.1.1.7
6591,B.1.1.7
6592,B.1.243
6593,B.1.1.7
6594,B.1.526
6595,B.1.1.7
6596,B.1.1.7
6597,B.1.1.7
6598,B.1.1.7
6599,B.1.526
6600,B.1.617.2
6601,B.1.177.21
6602,B.1.1.7
6603,B.1
6604,B.1.1.7
6605,B.1.1.7
6606,B.1.1.7
6607,B.1.1.7
6608,B.1.177.21
6609,AY.4
6610,B.1.1.519
6611,B.1.1.7
6612,B.1.1.7
6613,AY.4
6614,B.1.177
6615,B.1.1.7
6616,B.1.1.7
6617,B.1.1.7
6618,B.1.526
6619,B.1.617.2
6620,B.1.1.7
6621,B.1.160
6622,P.1
6623,B.1
6624,B.1.617.2
6625,B.1.1.7
6626,B.1.617.2
6627,B.1.526
6628,B.1.1.7
6629,B.1.1.7
6630,AY.4
6631,B.1.1.7
6632,B.1.617.2
6633,B.1.1.7
6634,B.1.1.7
6635,B.1.617.2
6636,B.1.1.7
6637,B.1.1.7
6638,B.1.2
6639,B.1.1.7
6640,B.1.1.7
6641,B.1.2
6642,B.1.1.7
6643,B.1.1
6644,B.1.1.7
6645,B.1.1.7
6646,R.1
6647,AY.4
6648,B.1.1.7
6649,B.1.177
6650,B.1.1.7
6651,B.1.1.7
6652,B.1.1.7
6653,AY.12
6654,B.1.1.7
6655,B.1.177
6656,B.1.617.2
6657,P.1
6658,B.1.1.7
6659,B.1.1.7
6660,B.1.1.7
6661,AY.12
6662,B.1.1.519
6663,B.1.617.2
6664,B.1.617.2
6665,B.1.1.7
6666,B.1.1.7
6667,B.1.1.7
6668,B.1.1.7
6669,B.1.1
6670,B.1.617.2
6671,B.1.351
6672,B.1.258
6673,B.1.1.7
6674,B.1.1.7
6675,B.1.1.7
6676,B.1.2
6677,B.1.1.7
6678,B.1.351
6679,B.1.1.7
6680,B.1.1.7
6681,B.1.617.2
6682,B.1.1.7
6683,B.1.1.7
6684,AY.12
6685,B.1
6686,B.1.1
6687,AY.4
6688,B.1.1.7
6689,B.1.2
6690,B.1.1.7
6691,B.1.1.7
6692,P.1
6693,AY.12
6694,B.1.1.7
6695,AY.4
6696,B.1.1.7
6697,B.1.1.7
6698,B.1.177
6699,B.1.1.7
6700,B.1.1.7
6701,B.1.1.7
6702,B.1.1.7
6703,B.1.1.7
6704,B.1.1.7
6705,B.1.1.7
6706,B.1.243
6707,B.1
6708,B.1.1.7
6709,B.1.1.7
6710,P.1
6711,B.1.617.2
6712,B.1.1.7
6713,B.1.351
6714,B.1.1.7
6715,B.1.1.7
6716,B.1.526
6717,B.1.1.7
6718,B.1.1.7
6719,B.1.1.7
6720,B.1.1.7
6721,B.1.1.7
6722,B.1.1.519
6723,B.1.351
6724,B.1.617.2
6725,B.1.1.7
6726,B.1.1.7
6727,B.1.243
6728,R.1
6729,B.1.1.7
6730,B.1.1
6731,B.1.1.7
6732,B.1.1.7
6733,B.1.1.7
6734,B.1.160
6735,AY.4
6736,AY.4
6737,B.1.1.7
6738,B.1.1.7
6739,B.1.1.7
6740,B.1.1.7
6741,B.1.1.519
6742,B.1.1.7
6743,B.1.1.7
6744,B.1.1.7
6745,B.1.1.7
6746,B.1.351
6747,B.1.1.7
6748,AY.4
6749,B.1.1.7
6750,B.1.617.2
6751,B.1.617.2
6752,B.1.160
6753,B.1.1.7
6754,B.1.1
6755,B.1.617.2
6756,B.1.617.2
6757,B.1.617.2
6758,B.1.1.7
6759,AY.4
6760,B.1.1.7
6761,D.2
6762,B.1.429
6763,B.1.221
6764,B.1.1.7
6765,B.1.1.7
6766,B.1.177
6767,B.1.429
6768,P.1
6769,B.1.617.2
6770,B.1.1.7
6771,B.1.1.7
6772,B.1.526
6773,B.1.2
6774,B.1.617.2
6775,B.1.617.2
6776,B.1.160
6777,B.1.1.7
6778,B.1.221
6779,B.1.2
6780,B.1.617.2
6781,B.1.1.7
6782,B.1.1.7
6783,B.1.1.7
6784,B.1.160
6785,AY.4
6786,B.1.2
6787,AY.4
6788,P.1
6789,B.1.1.7
6790,B.1.1.7
6791,B.1
6792,B.1.2
6793,B.1.1.7
6794,B.1.1.7
6795,B.1.429
6796,B.1.1.7
6797,B.1.1.7
6798,B.1.1.7
6799,B.1
6800,B.1.1.7
6801,B.1.1.7
6802,B.1.1.7
6803,B.1.1.7
6804,B.1
6805,B.1.617.2
6806,B.1.1.7
6807,B.1.1.7
6808,B.1.617.2
6809,B.1
6810,B.1.1.7
6811,B.1.1.7
6812,B.1.177
6813,B.1.1.7
6814,B.1.2
6815,B.1
6816,AY.4
6817,AY.4
6818,B.1.1
6819,B.1.221
6820,B.1.617.2
6821,B.1.1.7
6822,B.1.1.214
6823,B.1.1.7
6824,B.1.2
6825,B.1.1.7
6826,B.1.1.7
6827,B.1.1.7
6828,B.1.1.7
6829,AY.4
6830,AY.4
6831,B.1.1.7
6832,B.1.243
6833,B.1.1.7
6834,B.1.1.7
6835,AY.4
6836,B.1.1.7
6837,B.1
6838,B.1.1.7
6839,B.1.1.7
6840,B.1.351
6841,B.1.177
6842,B.1.1.7
6843,B.1.1
6844,B.1.617.2
6845,B.1.1.7
6846,B.1.1.7
6847,B.1.617.2
6848,B.1.1.7
6849,AY.4
6850,B.1.2
6851,P.1
6852,B.1.617.2
6853,AY.4
6854,B.1.1.7
6855,B.1.617.2
6856,B.1.2
6857,B.1
6858,B.1.351
6859,B.1.1.7
6860,B.1.429
6861,D.2
6862,B.1.1
6863,AY.12
6864,AY.4
6865,B.1.1
6866,AY.4
6867,B.1.1.7
6868,B.1
6869,B.1.221
6870,B.1.1.7
6871,D.2
6872,B.1.1.7
6873,B.1.1.7
6874,B.1.1.7
6875,B.1.1.7
6876,B.1.427
6877,B.1.1.7
6878,B.1.1.7
6879,B.1.1.7
6880,B.1.1.7
6881,B.1.2
6882,B.1.1.7
6883,B.1.1.7
6884,B.1.1.7
6885,B.1.351
6886,B.1.1.7
6887,B.1.1.7
6888,B.1.1.7
6889,B.1.1.7
6890,B.1.617.2
6891,B.1.1.7
6892,B.1.177
6893,B.1.1.7
6894,P.1
6895,B.1.1.7
6896,AY.4
6897,B.1.1.7
6898,B.1.1.7
6899,B.1.617.2
6900,B.1.1.7
6901,B.1.1.7
6902,AY.4
6903,B.1.617.2
6904,B.1.617.2
6905,B.1.1.214
6906,B.1.1.7
6907,B.1
6908,B.1.1.7
6909,B.1.1.7
6910,B.1.2
6911,B.1.617.2
6912,B.1.1.7
6913,B.1.243
6914,B.1.1.7
6915,B.1.1.7
6916,B.1.427
6917,P.1
6918,B.1.1.7
6919,B.1.1.7
6920,B.1.1.7
6921,B.1.1.7
6922,B.1.221
6923,AY.4
6924,B.1.2
6925,B.1.1.519
6926,B.1.1.7
6927,B.1.1.7
6928,P.1
6929,B.1.177
6930,B.1.1.7
6931,B.1.1.7
6932,B.1.1.7
6933,B.1.1.7
6934,AY.4
6935,B.1.1.7
6936,B.1.1.7
6937,B.1.1
6938,B.1.1.7
6939,B.1.1
6940,B.1.1.7
6941,B.1.351
6942,B.1
6943,B.1.1.7
6944,B.1.1.7
6945,B.1.1.7
6946,P.1
6947,AY.4
6948,B.1.617.2
6949,B.1.1.7
6950,B.1.1.7
6951,B.1.1.7
6952,B.1.1.7
6953,B.1.177.21
6954,B.1.2
6955,AY.4
6956,P.1
6957,B.1.1.7
6958,B.1.617.2
6959,B.1.1.7
6960,B.1.1.7
6961,B.1.1.7
6962,B.1.1.7
6963,B.1.1.7
6964,B.1
6965,B.1.1.7
6966,B.1.1.7
6967,B.1.177
6968,R.1
6969,B.1
6970,B.1.617.2
6971,B.1.1.7
6972,B.1.1.7
6973,B.1.1.7
6974,B.1.1.7
6975,B.1.1.7
6976,B.1.177
6977,B.1.1.7
6978,B.1.617.2
6979,B.1.1.7
6980,B.1.1.7
6981,B.1.1.7
6982,AY.4
6983,B.1.427
6984,B.1.1.519
6985,B.1.1.7
6986,B.1.1.7
6987,P.1
6988,AY.4
6989,B.1
6990,B.1.617.2
6991,B.1
6992,B.1.617.2
6993,B.1.1.7
6994,B.1.1.7
6995,B.1.1.7
6996,B.1.1.7
6997,B.1.617.2
6998,B.1.1.7
6999,B.1.1.7
7000,AY.4
