ID,Community Number
1,45
2,655
3,45
4,0
5,122
6,655
7,655
8,655
9,655
10,500
11,45
12,45
13,419
14,655
15,1
16,500
17,2
18,410
19,45
20,95
21,45
22,655
23,45
24,655
25,3
26,45
27,655
28,655
29,330
30,4
31,5
32,655
33,655
34,6
35,655
36,45
37,7
38,655
39,88
40,12
41,655
42,45
43,8
44,45
45,655
46,8
47,655
48,655
49,655
50,655
51,349
52,655
53,655
54,45
55,655
56,36
57,655
58,655
59,655
60,508
61,655
62,655
63,655
64,655
65,655
66,88
67,655
68,655
69,655
70,45
71,655
72,498
73,45
74,45
75,655
76,45
77,45
78,655
79,500
80,45
81,8
82,500
83,655
84,655
85,45
86,655
87,500
88,655
89,500
90,9
91,655
92,36
93,45
94,36
95,45
96,655
97,90
98,410
99,45
100,45
101,10
102,655
103,45
104,45
105,655
106,655
107,655
108,11
109,655
110,45
111,655
112,655
113,12
114,500
115,655
116,45
117,500
118,8
119,500
120,655
121,500
122,95
123,45
124,45
125,500
126,655
127,508
128,655
129,36
130,655
131,655
132,248
133,45
134,655
135,655
136,45
137,655
138,45
139,500
140,655
141,500
142,655
143,147
144,655
145,655
146,13
147,95
148,45
149,655
150,36
151,419
152,500
153,45
154,410
155,655
156,655
157,655
158,655
159,45
160,655
161,655
162,655
163,36
164,14
165,45
166,45
167,15
168,655
169,45
170,655
171,45
172,655
173,655
174,500
175,419
176,655
177,45
178,45
179,500
180,655
181,45
182,45
183,655
184,45
185,45
186,500
187,655
188,410
189,45
190,655
191,655
192,45
193,655
194,655
195,16
196,17
197,655
198,655
199,18
200,655
201,45
202,36
203,45
204,19
205,500
206,20
207,655
208,655
209,500
210,655
211,45
212,655
213,655
214,45
215,655
216,655
217,500
218,45
219,21
220,655
221,655
222,36
223,500
224,45
225,248
226,45
227,45
228,655
229,655
230,655
231,655
232,45
233,655
234,36
235,655
236,500
237,45
238,655
239,22
240,655
241,8
242,500
243,23
244,655
245,24
246,45
247,500
248,655
249,655
250,45
251,655
252,500
253,8
254,500
255,500
256,248
257,655
258,45
259,45
260,655
261,8
262,655
263,45
264,500
265,655
266,8
267,25
268,655
269,45
270,500
271,500
272,45
273,45
274,127
275,500
276,500
277,45
278,26
279,655
280,45
281,500
282,45
283,655
284,655
285,36
286,472
287,655
288,8
289,500
290,500
291,500
292,45
293,655
294,248
295,45
296,500
297,500
298,655
299,45
300,500
301,500
302,655
303,655
304,500
305,655
306,655
307,655
308,655
309,45
310,45
311,655
312,45
313,8
314,419
315,45
316,655
317,500
318,27
319,500
320,45
321,655
322,655
323,28
324,655
325,655
326,655
327,655
328,655
329,500
330,36
331,29
332,655
333,655
334,655
335,30
336,655
337,655
338,500
339,655
340,655
341,655
342,500
343,45
344,45
345,500
346,410
347,13
348,655
349,655
350,31
351,655
352,655
353,45
354,655
355,45
356,45
357,45
358,655
359,655
360,655
361,500
362,45
363,45
364,45
365,32
366,45
367,45
368,13
369,500
370,33
371,500
372,655
373,45
374,655
375,655
376,45
377,45
378,45
379,45
380,655
381,655
382,655
383,45
384,655
385,655
386,45
387,655
388,655
389,34
390,36
391,655
392,508
393,36
394,500
395,45
396,655
397,69
398,500
399,8
400,655
401,8
402,655
403,500
404,655
405,655
406,655
407,655
408,8
409,500
410,655
411,35
412,655
413,45
414,655
415,655
416,36
417,8
418,655
419,655
420,655
421,45
422,655
423,8
424,500
425,69
426,655
427,655
428,655
429,45
430,508
431,655
432,655
433,655
434,45
435,655
436,45
437,45
438,45
439,45
440,655
441,45
442,655
443,655
444,655
445,655
446,655
447,655
448,655
449,419
450,45
451,655
452,655
453,8
454,655
455,36
456,36
457,37
458,508
459,419
460,330
461,95
462,655
463,45
464,500
465,45
466,655
467,655
468,45
469,36
470,500
471,655
472,655
473,95
474,655
475,38
476,655
477,45
478,655
479,655
480,500
481,655
482,655
483,500
484,655
485,39
486,45
487,8
488,655
489,655
490,500
491,248
492,655
493,500
494,500
495,655
496,500
497,40
498,655
499,8
500,500
501,8
502,500
503,45
504,45
505,655
506,655
507,41
508,45
509,655
510,500
511,655
512,45
513,655
514,45
515,45
516,655
517,655
518,8
519,500
520,655
521,42
522,655
523,655
524,655
525,655
526,45
527,655
528,655
529,64
530,655
531,655
532,655
533,500
534,655
535,43
536,655
537,45
538,8
539,44
540,45
541,500
542,655
543,655
544,655
545,500
546,8
547,655
548,500
549,45
550,655
551,45
552,500
553,508
554,36
555,46
556,47
557,500
558,36
559,45
560,500
561,36
562,655
563,655
564,655
565,655
566,655
567,45
568,500
569,551
570,48
571,500
572,419
573,29
574,500
575,200
576,500
577,655
578,655
579,45
580,45
581,419
582,13
583,655
584,49
585,655
586,655
587,500
588,45
589,50
590,655
591,655
592,655
593,655
594,51
595,655
596,655
597,655
598,655
599,655
600,655
601,45
602,655
603,655
604,655
605,655
606,52
607,45
608,655
609,500
610,655
611,53
612,500
613,45
614,655
615,655
616,655
617,655
618,500
619,45
620,508
621,655
622,500
623,8
624,655
625,45
626,655
627,655
628,45
629,655
630,655
631,45
632,45
633,655
634,500
635,500
636,655
637,655
638,655
639,655
640,45
641,45
642,45
643,655
644,45
645,655
646,419
647,45
648,500
649,655
650,45
651,330
652,655
653,54
654,655
655,655
656,500
657,655
658,655
659,500
660,500
661,655
662,248
663,655
664,655
665,55
666,655
667,45
668,500
669,45
670,655
671,655
672,655
673,655
674,45
675,45
676,500
677,500
678,655
679,655
680,655
681,56
682,655
683,57
684,655
685,500
686,655
687,500
688,500
689,655
690,182
691,655
692,45
693,500
694,36
695,45
696,500
697,45
698,58
699,410
700,655
701,655
702,655
703,45
704,59
705,655
706,45
707,655
708,655
709,457
710,655
711,655
712,655
713,500
714,8
715,655
716,45
717,655
718,655
719,500
720,500
721,45
722,655
723,3
724,45
725,655
726,655
727,655
728,508
729,655
730,60
731,655
732,500
733,95
734,45
735,655
736,500
737,655
738,655
739,508
740,655
741,500
742,45
743,45
744,45
745,655
746,45
747,655
748,500
749,8
750,655
751,112
752,45
753,61
754,62
755,655
756,45
757,45
758,500
759,36
760,88
761,655
762,95
763,63
764,500
765,655
766,45
767,655
768,500
769,655
770,655
771,500
772,8
773,64
774,500
775,45
776,655
777,127
778,655
779,8
780,8
781,500
782,45
783,78
784,655
785,655
786,65
787,45
788,45
789,45
790,655
791,655
792,500
793,655
794,248
795,655
796,655
797,45
798,66
799,45
800,67
801,655
802,45
803,655
804,655
805,8
806,68
807,45
808,419
809,36
810,655
811,655
812,95
813,508
814,69
815,8
816,349
817,45
818,655
819,655
820,45
821,655
822,500
823,70
824,45
825,45
826,655
827,655
828,500
829,8
830,655
831,655
832,655
833,655
834,95
835,655
836,655
837,655
838,655
839,655
840,655
841,45
842,655
843,45
844,655
845,12
846,655
847,655
848,655
849,655
850,71
851,500
852,248
853,655
854,45
855,45
856,45
857,500
858,500
859,655
860,655
861,500
862,655
863,45
864,327
865,45
866,72
867,73
868,74
869,45
870,45
871,500
872,655
873,45
874,655
875,45
876,500
877,500
878,8
879,655
880,349
881,655
882,75
883,655
884,655
885,655
886,655
887,655
888,36
889,500
890,36
891,76
892,655
893,655
894,500
895,655
896,77
897,45
898,500
899,655
900,45
901,78
902,45
903,655
904,655
905,655
906,500
907,45
908,655
909,655
910,500
911,69
912,655
913,500
914,45
915,45
916,45
917,79
918,655
919,655
920,8
921,500
922,655
923,655
924,500
925,655
926,45
927,655
928,80
929,45
930,655
931,655
932,655
933,45
934,81
935,655
936,655
937,45
938,82
939,45
940,500
941,500
942,45
943,410
944,500
945,36
946,655
947,500
948,500
949,655
950,508
951,500
952,419
953,45
954,655
955,500
956,655
957,655
958,655
959,655
960,83
961,45
962,655
963,655
964,655
965,655
966,36
967,655
968,45
969,8
970,655
971,45
972,655
973,655
974,84
975,655
976,45
977,36
978,85
979,500
980,655
981,655
982,655
983,45
984,45
985,500
986,655
987,86
988,45
989,419
990,45
991,36
992,45
993,655
994,410
995,248
996,655
997,87
998,655
999,655
1000,8
1001,655
1002,88
1003,655
1004,36
1005,655
1006,655
1007,508
1008,655
1009,89
1010,500
1011,655
1012,655
1013,655
1014,45
1015,500
1016,655
1017,45
1018,45
1019,45
1020,655
1021,500
1022,655
1023,45
1024,655
1025,655
1026,500
1027,508
1028,655
1029,655
1030,500
1031,655
1032,655
1033,45
1034,45
1035,500
1036,655
1037,655
1038,327
1039,655
1040,8
1041,655
1042,95
1043,45
1044,655
1045,655
1046,500
1047,45
1048,655
1049,655
1050,500
1051,45
1052,248
1053,655
1054,655
1055,45
1056,655
1057,655
1058,45
1059,655
1060,90
1061,655
1062,45
1063,45
1064,655
1065,91
1066,45
1067,92
1068,500
1069,655
1070,93
1071,45
1072,655
1073,655
1074,45
1075,655
1076,94
1077,45
1078,95
1079,345
1080,500
1081,45
1082,45
1083,96
1084,655
1085,45
1086,500
1087,655
1088,97
1089,655
1090,45
1091,655
1092,45
1093,36
1094,655
1095,655
1096,98
1097,655
1098,45
1099,655
1100,655
1101,36
1102,45
1103,45
1104,655
1105,500
1106,655
1107,99
1108,655
1109,500
1110,655
1111,419
1112,655
1113,100
1114,500
1115,500
1116,101
1117,45
1118,500
1119,655
1120,655
1121,45
1122,500
1123,102
1124,500
1125,12
1126,500
1127,500
1128,45
1129,103
1130,327
1131,500
1132,655
1133,655
1134,655
1135,655
1136,104
1137,45
1138,45
1139,419
1140,45
1141,105
1142,106
1143,655
1144,45
1145,107
1146,419
1147,45
1148,108
1149,500
1150,655
1151,655
1152,158
1153,500
1154,655
1155,45
1156,45
1157,655
1158,36
1159,45
1160,344
1161,248
1162,655
1163,17
1164,45
1165,655
1166,655
1167,109
1168,500
1169,655
1170,36
1171,110
1172,655
1173,655
1174,8
1175,45
1176,655
1177,45
1178,36
1179,95
1180,500
1181,655
1182,655
1183,45
1184,655
1185,500
1186,655
1187,327
1188,655
1189,95
1190,655
1191,500
1192,655
1193,655
1194,655
1195,111
1196,655
1197,655
1198,655
1199,655
1200,655
1201,655
1202,655
1203,655
1204,45
1205,45
1206,112
1207,45
1208,419
1209,655
1210,655
1211,45
1212,655
1213,500
1214,45
1215,655
1216,45
1217,113
1218,248
1219,655
1220,36
1221,45
1222,500
1223,500
1224,500
1225,655
1226,45
1227,500
1228,655
1229,500
1230,655
1231,500
1232,114
1233,115
1234,655
1235,45
1236,278
1237,45
1238,116
1239,45
1240,655
1241,117
1242,655
1243,45
1244,500
1245,112
1246,500
1247,8
1248,12
1249,36
1250,118
1251,655
1252,655
1253,119
1254,500
1255,120
1256,655
1257,45
1258,655
1259,500
1260,500
1261,500
1262,655
1263,121
1264,655
1265,45
1266,45
1267,508
1268,655
1269,655
1270,45
1271,655
1272,122
1273,655
1274,45
1275,500
1276,655
1277,655
1278,45
1279,36
1280,655
1281,45
1282,655
1283,95
1284,8
1285,123
1286,500
1287,45
1288,655
1289,12
1290,655
1291,8
1292,655
1293,655
1294,45
1295,124
1296,125
1297,655
1298,45
1299,655
1300,655
1301,126
1302,500
1303,655
1304,45
1305,655
1306,655
1307,45
1308,655
1309,655
1310,655
1311,410
1312,655
1313,500
1314,655
1315,508
1316,655
1317,45
1318,45
1319,8
1320,500
1321,655
1322,500
1323,45
1324,655
1325,655
1326,655
1327,655
1328,45
1329,8
1330,45
1331,500
1332,45
1333,655
1334,655
1335,655
1336,127
1337,500
1338,655
1339,45
1340,45
1341,45
1342,80
1343,655
1344,655
1345,655
1346,655
1347,500
1348,655
1349,500
1350,128
1351,655
1352,45
1353,655
1354,655
1355,422
1356,45
1357,655
1358,45
1359,500
1360,655
1361,45
1362,655
1363,500
1364,13
1365,45
1366,45
1367,655
1368,655
1369,56
1370,655
1371,129
1372,45
1373,655
1374,655
1375,655
1376,130
1377,655
1378,36
1379,655
1380,45
1381,655
1382,500
1383,655
1384,419
1385,45
1386,500
1387,655
1388,110
1389,655
1390,90
1391,45
1392,64
1393,45
1394,45
1395,500
1396,655
1397,655
1398,500
1399,419
1400,500
1401,655
1402,655
1403,500
1404,45
1405,131
1406,500
1407,655
1408,45
1409,655
1410,12
1411,655
1412,655
1413,655
1414,655
1415,655
1416,132
1417,655
1418,133
1419,500
1420,45
1421,112
1422,45
1423,655
1424,500
1425,655
1426,655
1427,248
1428,655
1429,500
1430,655
1431,45
1432,45
1433,500
1434,655
1435,45
1436,95
1437,349
1438,500
1439,45
1440,655
1441,655
1442,655
1443,45
1444,45
1445,500
1446,655
1447,45
1448,500
1449,655
1450,419
1451,655
1452,134
1453,135
1454,500
1455,45
1456,655
1457,655
1458,655
1459,45
1460,45
1461,500
1462,45
1463,8
1464,45
1465,500
1466,655
1467,655
1468,8
1469,655
1470,500
1471,36
1472,655
1473,655
1474,655
1475,500
1476,45
1477,45
1478,655
1479,655
1480,655
1481,136
1482,45
1483,284
1484,36
1485,45
1486,137
1487,500
1488,36
1489,655
1490,655
1491,45
1492,655
1493,500
1494,138
1495,45
1496,45
1497,500
1498,500
1499,655
1500,8
1501,500
1502,139
1503,655
1504,36
1505,248
1506,45
1507,655
1508,45
1509,45
1510,655
1511,45
1512,655
1513,500
1514,36
1515,500
1516,140
1517,655
1518,500
1519,500
1520,655
1521,141
1522,500
1523,45
1524,655
1525,655
1526,655
1527,419
1528,45
1529,655
1530,142
1531,655
1532,655
1533,655
1534,45
1535,655
1536,655
1537,655
1538,655
1539,36
1540,655
1541,655
1542,500
1543,143
1544,655
1545,144
1546,88
1547,45
1548,655
1549,88
1550,655
1551,655
1552,145
1553,45
1554,12
1555,45
1556,655
1557,500
1558,8
1559,8
1560,655
1561,500
1562,45
1563,655
1564,655
1565,655
1566,419
1567,45
1568,146
1569,655
1570,655
1571,45
1572,45
1573,655
1574,655
1575,655
1576,45
1577,655
1578,500
1579,655
1580,45
1581,655
1582,508
1583,45
1584,500
1585,508
1586,500
1587,45
1588,147
1589,148
1590,500
1591,45
1592,655
1593,655
1594,45
1595,8
1596,45
1597,149
1598,655
1599,655
1600,655
1601,45
1602,150
1603,655
1604,95
1605,45
1606,500
1607,655
1608,655
1609,655
1610,151
1611,36
1612,45
1613,655
1614,45
1615,655
1616,655
1617,655
1618,152
1619,13
1620,500
1621,655
1622,500
1623,655
1624,655
1625,500
1626,153
1627,655
1628,655
1629,45
1630,655
1631,95
1632,154
1633,155
1634,500
1635,655
1636,655
1637,655
1638,500
1639,45
1640,655
1641,655
1642,45
1643,655
1644,655
1645,500
1646,8
1647,500
1648,655
1649,353
1650,45
1651,655
1652,45
1653,655
1654,655
1655,655
1656,655
1657,655
1658,45
1659,45
1660,500
1661,655
1662,500
1663,500
1664,45
1665,36
1666,655
1667,655
1668,500
1669,8
1670,500
1671,655
1672,655
1673,655
1674,500
1675,500
1676,156
1677,45
1678,655
1679,655
1680,36
1681,655
1682,500
1683,45
1684,655
1685,655
1686,45
1687,500
1688,95
1689,655
1690,45
1691,45
1692,500
1693,157
1694,655
1695,500
1696,655
1697,500
1698,500
1699,158
1700,159
1701,45
1702,655
1703,655
1704,36
1705,8
1706,160
1707,500
1708,45
1709,500
1710,88
1711,655
1712,45
1713,655
1714,655
1715,655
1716,95
1717,161
1718,655
1719,45
1720,95
1721,655
1722,655
1723,655
1724,419
1725,655
1726,45
1727,45
1728,8
1729,45
1730,64
1731,45
1732,655
1733,655
1734,655
1735,655
1736,655
1737,162
1738,655
1739,655
1740,45
1741,655
1742,655
1743,655
1744,655
1745,500
1746,45
1747,655
1748,655
1749,655
1750,45
1751,248
1752,655
1753,655
1754,655
1755,500
1756,45
1757,500
1758,655
1759,500
1760,655
1761,655
1762,36
1763,45
1764,163
1765,45
1766,45
1767,500
1768,410
1769,45
1770,655
1771,655
1772,164
1773,655
1774,500
1775,500
1776,655
1777,655
1778,655
1779,655
1780,36
1781,45
1782,655
1783,45
1784,500
1785,508
1786,165
1787,655
1788,36
1789,655
1790,500
1791,508
1792,655
1793,500
1794,500
1795,284
1796,105
1797,166
1798,655
1799,655
1800,17
1801,167
1802,168
1803,655
1804,90
1805,45
1806,500
1807,500
1808,45
1809,36
1810,169
1811,36
1812,655
1813,655
1814,36
1815,655
1816,45
1817,45
1818,45
1819,45
1820,655
1821,655
1822,500
1823,655
1824,655
1825,36
1826,655
1827,8
1828,655
1829,655
1830,69
1831,248
1832,45
1833,655
1834,655
1835,500
1836,500
1837,170
1838,95
1839,500
1840,45
1841,36
1842,500
1843,655
1844,655
1845,655
1846,45
1847,655
1848,655
1849,500
1850,419
1851,655
1852,655
1853,655
1854,500
1855,500
1856,655
1857,500
1858,500
1859,45
1860,45
1861,45
1862,655
1863,655
1864,655
1865,8
1866,655
1867,655
1868,45
1869,655
1870,45
1871,171
1872,500
1873,419
1874,655
1875,45
1876,45
1877,500
1878,655
1879,655
1880,45
1881,419
1882,45
1883,655
1884,45
1885,45
1886,45
1887,500
1888,45
1889,88
1890,45
1891,655
1892,655
1893,45
1894,655
1895,172
1896,73
1897,12
1898,45
1899,655
1900,655
1901,655
1902,655
1903,655
1904,173
1905,500
1906,655
1907,655
1908,45
1909,296
1910,45
1911,655
1912,45
1913,655
1914,174
1915,248
1916,655
1917,655
1918,45
1919,655
1920,45
1921,88
1922,655
1923,655
1924,500
1925,500
1926,175
1927,655
1928,655
1929,655
1930,655
1931,176
1932,655
1933,655
1934,177
1935,45
1936,500
1937,655
1938,655
1939,655
1940,533
1941,655
1942,500
1943,36
1944,655
1945,655
1946,36
1947,655
1948,500
1949,45
1950,45
1951,655
1952,45
1953,655
1954,655
1955,45
1956,45
1957,655
1958,655
1959,178
1960,500
1961,655
1962,655
1963,655
1964,655
1965,655
1966,655
1967,655
1968,655
1969,45
1970,45
1971,45
1972,655
1973,655
1974,45
1975,655
1976,179
1977,77
1978,655
1979,45
1980,13
1981,655
1982,655
1983,180
1984,655
1985,95
1986,655
1987,181
1988,655
1989,655
1990,655
1991,655
1992,655
1993,36
1994,655
1995,36
1996,655
1997,45
1998,655
1999,45
2000,655
2001,500
2002,182
2003,655
2004,45
2005,655
2006,655
2007,655
2008,183
2009,508
2010,45
2011,655
2012,655
2013,45
2014,655
2015,655
2016,419
2017,36
2018,184
2019,655
2020,45
2021,105
2022,45
2023,655
2024,500
2025,655
2026,508
2027,45
2028,655
2029,95
2030,45
2031,655
2032,45
2033,655
2034,655
2035,655
2036,45
2037,8
2038,40
2039,500
2040,500
2041,185
2042,45
2043,186
2044,655
2045,187
2046,655
2047,500
2048,655
2049,655
2050,188
2051,45
2052,434
2053,655
2054,88
2055,45
2056,508
2057,189
2058,500
2059,190
2060,500
2061,500
2062,655
2063,45
2064,655
2065,45
2066,655
2067,655
2068,45
2069,655
2070,655
2071,191
2072,45
2073,655
2074,500
2075,655
2076,248
2077,500
2078,95
2079,192
2080,500
2081,655
2082,45
2083,655
2084,655
2085,655
2086,655
2087,655
2088,500
2089,500
2090,193
2091,45
2092,36
2093,655
2094,45
2095,45
2096,655
2097,655
2098,80
2099,655
2100,45
2101,45
2102,202
2103,655
2104,508
2105,45
2106,655
2107,655
2108,45
2109,655
2110,194
2111,655
2112,655
2113,45
2114,500
2115,500
2116,655
2117,655
2118,500
2119,655
2120,655
2121,655
2122,95
2123,655
2124,655
2125,195
2126,655
2127,500
2128,45
2129,655
2130,45
2131,655
2132,500
2133,349
2134,45
2135,655
2136,45
2137,410
2138,655
2139,500
2140,196
2141,655
2142,45
2143,95
2144,655
2145,655
2146,45
2147,655
2148,78
2149,45
2150,655
2151,45
2152,419
2153,655
2154,8
2155,8
2156,655
2157,8
2158,655
2159,500
2160,45
2161,419
2162,197
2163,655
2164,500
2165,45
2166,655
2167,655
2168,500
2169,198
2170,655
2171,655
2172,45
2173,45
2174,12
2175,45
2176,655
2177,655
2178,655
2179,199
2180,500
2181,655
2182,655
2183,419
2184,655
2185,655
2186,500
2187,655
2188,655
2189,200
2190,655
2191,655
2192,45
2193,655
2194,45
2195,655
2196,45
2197,201
2198,202
2199,655
2200,45
2201,500
2202,655
2203,655
2204,655
2205,655
2206,45
2207,596
2208,36
2209,203
2210,500
2211,655
2212,8
2213,655
2214,95
2215,36
2216,136
2217,78
2218,8
2219,204
2220,500
2221,655
2222,655
2223,205
2224,655
2225,500
2226,45
2227,248
2228,45
2229,655
2230,45
2231,655
2232,500
2233,45
2234,36
2235,655
2236,655
2237,45
2238,45
2239,45
2240,655
2241,655
2242,45
2243,206
2244,500
2245,500
2246,500
2247,655
2248,500
2249,655
2250,207
2251,500
2252,655
2253,88
2254,88
2255,112
2256,655
2257,208
2258,655
2259,500
2260,655
2261,655
2262,90
2263,45
2264,209
2265,210
2266,45
2267,45
2268,498
2269,410
2270,88
2271,45
2272,45
2273,655
2274,655
2275,655
2276,655
2277,655
2278,655
2279,211
2280,655
2281,212
2282,500
2283,500
2284,212
2285,655
2286,655
2287,500
2288,45
2289,655
2290,655
2291,45
2292,655
2293,655
2294,45
2295,45
2296,213
2297,655
2298,655
2299,655
2300,500
2301,45
2302,214
2303,655
2304,655
2305,655
2306,500
2307,45
2308,655
2309,45
2310,655
2311,500
2312,655
2313,500
2314,500
2315,45
2316,45
2317,655
2318,36
2319,215
2320,36
2321,45
2322,655
2323,216
2324,655
2325,45
2326,217
2327,655
2328,655
2329,655
2330,45
2331,655
2332,45
2333,655
2334,8
2335,655
2336,655
2337,8
2338,500
2339,655
2340,500
2341,248
2342,655
2343,655
2344,45
2345,218
2346,655
2347,655
2348,45
2349,419
2350,36
2351,500
2352,500
2353,655
2354,45
2355,219
2356,500
2357,500
2358,655
2359,45
2360,220
2361,655
2362,45
2363,45
2364,655
2365,655
2366,655
2367,655
2368,349
2369,655
2370,500
2371,221
2372,655
2373,45
2374,655
2375,45
2376,500
2377,222
2378,223
2379,36
2380,655
2381,655
2382,500
2383,45
2384,8
2385,45
2386,36
2387,45
2388,80
2389,95
2390,655
2391,45
2392,500
2393,224
2394,655
2395,225
2396,112
2397,655
2398,655
2399,500
2400,69
2401,158
2402,226
2403,227
2404,500
2405,655
2406,8
2407,500
2408,95
2409,655
2410,655
2411,45
2412,655
2413,45
2414,45
2415,655
2416,228
2417,45
2418,655
2419,655
2420,229
2421,655
2422,500
2423,95
2424,655
2425,655
2426,36
2427,45
2428,655
2429,36
2430,655
2431,105
2432,29
2433,500
2434,45
2435,45
2436,36
2437,500
2438,230
2439,45
2440,655
2441,655
2442,500
2443,508
2444,500
2445,655
2446,45
2447,655
2448,231
2449,232
2450,45
2451,655
2452,655
2453,410
2454,655
2455,233
2456,8
2457,45
2458,45
2459,45
2460,234
2461,655
2462,553
2463,655
2464,655
2465,655
2466,112
2467,655
2468,500
2469,45
2470,500
2471,45
2472,36
2473,45
2474,235
2475,655
2476,36
2477,655
2478,236
2479,655
2480,655
2481,655
2482,36
2483,237
2484,45
2485,45
2486,655
2487,655
2488,8
2489,655
2490,136
2491,655
2492,655
2493,500
2494,655
2495,655
2496,500
2497,238
2498,36
2499,45
2500,45
2501,655
2502,500
2503,655
2504,45
2505,239
2506,36
2507,655
2508,45
2509,45
2510,655
2511,500
2512,655
2513,95
2514,45
2515,500
2516,95
2517,36
2518,655
2519,240
2520,327
2521,655
2522,655
2523,248
2524,45
2525,655
2526,45
2527,655
2528,419
2529,655
2530,500
2531,500
2532,655
2533,45
2534,655
2535,655
2536,655
2537,655
2538,655
2539,8
2540,655
2541,655
2542,508
2543,241
2544,12
2545,8
2546,655
2547,655
2548,45
2549,500
2550,655
2551,45
2552,45
2553,95
2554,655
2555,655
2556,655
2557,655
2558,655
2559,655
2560,655
2561,655
2562,655
2563,45
2564,500
2565,655
2566,500
2567,500
2568,655
2569,655
2570,500
2571,500
2572,36
2573,500
2574,242
2575,655
2576,655
2577,655
2578,500
2579,45
2580,655
2581,78
2582,45
2583,655
2584,88
2585,500
2586,655
2587,243
2588,45
2589,500
2590,655
2591,244
2592,655
2593,655
2594,245
2595,95
2596,655
2597,45
2598,500
2599,95
2600,45
2601,45
2602,655
2603,500
2604,12
2605,655
2606,655
2607,45
2608,36
2609,45
2610,500
2611,45
2612,655
2613,655
2614,655
2615,246
2616,419
2617,655
2618,422
2619,655
2620,36
2621,36
2622,655
2623,655
2624,655
2625,655
2626,247
2627,655
2628,655
2629,45
2630,45
2631,248
2632,88
2633,655
2634,249
2635,655
2636,45
2637,45
2638,655
2639,250
2640,251
2641,95
2642,655
2643,419
2644,655
2645,655
2646,655
2647,500
2648,655
2649,655
2650,500
2651,655
2652,655
2653,500
2654,8
2655,655
2656,500
2657,655
2658,8
2659,655
2660,655
2661,655
2662,500
2663,500
2664,500
2665,8
2666,252
2667,655
2668,655
2669,45
2670,253
2671,500
2672,655
2673,254
2674,655
2675,655
2676,655
2677,255
2678,500
2679,256
2680,655
2681,655
2682,655
2683,36
2684,45
2685,257
2686,508
2687,8
2688,45
2689,45
2690,45
2691,655
2692,655
2693,655
2694,258
2695,45
2696,655
2697,500
2698,655
2699,45
2700,655
2701,655
2702,655
2703,45
2704,655
2705,655
2706,655
2707,655
2708,655
2709,655
2710,500
2711,45
2712,655
2713,45
2714,80
2715,376
2716,45
2717,655
2718,655
2719,45
2720,419
2721,36
2722,45
2723,655
2724,500
2725,655
2726,259
2727,45
2728,655
2729,655
2730,8
2731,655
2732,655
2733,508
2734,655
2735,655
2736,45
2737,655
2738,655
2739,655
2740,655
2741,655
2742,45
2743,655
2744,655
2745,500
2746,655
2747,45
2748,655
2749,655
2750,8
2751,508
2752,36
2753,260
2754,655
2755,655
2756,500
2757,500
2758,655
2759,45
2760,500
2761,8
2762,261
2763,655
2764,419
2765,45
2766,655
2767,419
2768,500
2769,508
2770,500
2771,500
2772,655
2773,45
2774,500
2775,655
2776,500
2777,655
2778,655
2779,419
2780,500
2781,500
2782,655
2783,655
2784,655
2785,500
2786,36
2787,262
2788,655
2789,95
2790,263
2791,655
2792,655
2793,45
2794,45
2795,264
2796,95
2797,45
2798,655
2799,500
2800,265
2801,45
2802,45
2803,36
2804,45
2805,508
2806,655
2807,500
2808,500
2809,45
2810,500
2811,266
2812,45
2813,267
2814,45
2815,500
2816,45
2817,508
2818,655
2819,655
2820,95
2821,45
2822,500
2823,45
2824,655
2825,500
2826,268
2827,655
2828,500
2829,500
2830,655
2831,8
2832,8
2833,45
2834,500
2835,12
2836,655
2837,45
2838,508
2839,655
2840,655
2841,45
2842,269
2843,655
2844,270
2845,655
2846,655
2847,655
2848,45
2849,655
2850,45
2851,655
2852,45
2853,112
2854,655
2855,8
2856,45
2857,655
2858,45
2859,500
2860,45
2861,88
2862,508
2863,655
2864,655
2865,271
2866,69
2867,272
2868,273
2869,655
2870,655
2871,500
2872,349
2873,655
2874,655
2875,655
2876,45
2877,655
2878,45
2879,500
2880,500
2881,274
2882,655
2883,655
2884,45
2885,655
2886,655
2887,655
2888,500
2889,655
2890,655
2891,45
2892,45
2893,655
2894,655
2895,17
2896,275
2897,655
2898,655
2899,45
2900,36
2901,655
2902,276
2903,45
2904,277
2905,500
2906,500
2907,655
2908,278
2909,45
2910,500
2911,655
2912,8
2913,45
2914,500
2915,45
2916,45
2917,45
2918,655
2919,45
2920,419
2921,655
2922,500
2923,419
2924,655
2925,655
2926,655
2927,36
2928,112
2929,8
2930,45
2931,500
2932,655
2933,8
2934,655
2935,45
2936,655
2937,78
2938,655
2939,655
2940,279
2941,280
2942,500
2943,655
2944,45
2945,500
2946,655
2947,655
2948,655
2949,655
2950,500
2951,281
2952,655
2953,655
2954,282
2955,655
2956,45
2957,655
2958,655
2959,283
2960,500
2961,45
2962,327
2963,45
2964,655
2965,655
2966,45
2967,284
2968,285
2969,500
2970,419
2971,655
2972,500
2973,655
2974,45
2975,655
2976,655
2977,655
2978,500
2979,655
2980,45
2981,655
2982,500
2983,655
2984,45
2985,655
2986,500
2987,655
2988,8
2989,655
2990,655
2991,45
2992,45
2993,45
2994,655
2995,286
2996,655
2997,655
2998,126
2999,36
3000,45
3001,36
3002,655
3003,500
3004,287
3005,500
3006,34
3007,655
3008,655
3009,45
3010,655
3011,500
3012,45
3013,655
3014,288
3015,45
3016,45
3017,419
3018,655
3019,500
3020,45
3021,500
3022,500
3023,655
3024,289
3025,290
3026,655
3027,655
3028,655
3029,500
3030,655
3031,655
3032,655
3033,112
3034,655
3035,500
3036,655
3037,655
3038,291
3039,327
3040,45
3041,292
3042,655
3043,655
3044,45
3045,508
3046,500
3047,293
3048,45
3049,294
3050,655
3051,327
3052,655
3053,45
3054,295
3055,296
3056,655
3057,297
3058,45
3059,12
3060,655
3061,298
3062,45
3063,299
3064,300
3065,655
3066,45
3067,45
3068,45
3069,655
3070,45
3071,655
3072,655
3073,655
3074,655
3075,301
3076,302
3077,500
3078,45
3079,45
3080,500
3081,45
3082,500
3083,655
3084,655
3085,655
3086,45
3087,655
3088,45
3089,303
3090,304
3091,655
3092,45
3093,500
3094,305
3095,655
3096,36
3097,655
3098,655
3099,45
3100,8
3101,500
3102,69
3103,655
3104,500
3105,45
3106,45
3107,655
3108,655
3109,29
3110,655
3111,306
3112,655
3113,307
3114,45
3115,172
3116,45
3117,500
3118,500
3119,655
3120,655
3121,655
3122,45
3123,655
3124,655
3125,655
3126,655
3127,655
3128,308
3129,45
3130,45
3131,45
3132,45
3133,655
3134,309
3135,310
3136,655
3137,311
3138,655
3139,45
3140,500
3141,312
3142,655
3143,655
3144,655
3145,45
3146,655
3147,45
3148,419
3149,419
3150,45
3151,45
3152,313
3153,655
3154,314
3155,655
3156,655
3157,315
3158,45
3159,655
3160,655
3161,655
3162,45
3163,655
3164,500
3165,655
3166,419
3167,45
3168,419
3169,45
3170,45
3171,316
3172,655
3173,45
3174,45
3175,45
3176,45
3177,655
3178,655
3179,317
3180,655
3181,655
3182,655
3183,500
3184,500
3185,36
3186,655
3187,466
3188,45
3189,655
3190,318
3191,655
3192,45
3193,655
3194,655
3195,655
3196,655
3197,655
3198,655
3199,655
3200,45
3201,655
3202,655
3203,319
3204,500
3205,320
3206,655
3207,112
3208,655
3209,419
3210,655
3211,321
3212,655
3213,500
3214,322
3215,36
3216,500
3217,655
3218,349
3219,45
3220,655
3221,500
3222,500
3223,500
3224,655
3225,45
3226,655
3227,655
3228,655
3229,45
3230,45
3231,655
3232,500
3233,508
3234,400
3235,655
3236,500
3237,500
3238,45
3239,36
3240,655
3241,655
3242,500
3243,8
3244,655
3245,500
3246,8
3247,36
3248,45
3249,45
3250,655
3251,655
3252,248
3253,500
3254,45
3255,268
3256,655
3257,500
3258,95
3259,500
3260,655
3261,36
3262,8
3263,508
3264,45
3265,419
3266,323
3267,655
3268,655
3269,34
3270,655
3271,655
3272,45
3273,655
3274,655
3275,500
3276,248
3277,655
3278,655
3279,655
3280,655
3281,324
3282,508
3283,500
3284,325
3285,326
3286,45
3287,655
3288,45
3289,45
3290,655
3291,419
3292,655
3293,500
3294,655
3295,500
3296,655
3297,45
3298,655
3299,655
3300,500
3301,410
3302,655
3303,327
3304,45
3305,655
3306,500
3307,500
3308,95
3309,655
3310,500
3311,500
3312,45
3313,45
3314,655
3315,328
3316,45
3317,500
3318,45
3319,655
3320,88
3321,655
3322,45
3323,45
3324,329
3325,655
3326,330
3327,45
3328,508
3329,655
3330,45
3331,655
3332,122
3333,45
3334,331
3335,655
3336,45
3337,45
3338,88
3339,655
3340,500
3341,419
3342,45
3343,8
3344,332
3345,45
3346,36
3347,45
3348,655
3349,500
3350,655
3351,45
3352,45
3353,500
3354,655
3355,655
3356,333
3357,655
3358,655
3359,655
3360,45
3361,655
3362,655
3363,655
3364,508
3365,334
3366,500
3367,500
3368,36
3369,45
3370,45
3371,335
3372,655
3373,655
3374,248
3375,655
3376,655
3377,655
3378,419
3379,500
3380,45
3381,500
3382,655
3383,45
3384,95
3385,655
3386,36
3387,655
3388,45
3389,508
3390,45
3391,655
3392,45
3393,655
3394,508
3395,45
3396,45
3397,655
3398,655
3399,45
3400,336
3401,655
3402,45
3403,655
3404,655
3405,655
3406,36
3407,306
3408,655
3409,655
3410,655
3411,45
3412,278
3413,248
3414,655
3415,655
3416,655
3417,500
3418,655
3419,337
3420,655
3421,500
3422,655
3423,500
3424,126
3425,655
3426,500
3427,36
3428,45
3429,338
3430,45
3431,655
3432,500
3433,45
3434,8
3435,8
3436,655
3437,339
3438,419
3439,655
3440,655
3441,500
3442,655
3443,500
3444,655
3445,655
3446,655
3447,434
3448,655
3449,275
3450,340
3451,655
3452,500
3453,45
3454,45
3455,8
3456,655
3457,500
3458,655
3459,45
3460,341
3461,45
3462,77
3463,45
3464,655
3465,655
3466,45
3467,276
3468,655
3469,500
3470,655
3471,655
3472,655
3473,655
3474,342
3475,6
3476,655
3477,45
3478,500
3479,655
3480,296
3481,655
3482,343
3483,95
3484,655
3485,655
3486,36
3487,655
3488,45
3489,655
3490,655
3491,127
3492,655
3493,500
3494,95
3495,655
3496,344
3497,655
3498,655
3499,345
3500,45
3501,13
3502,45
3503,45
3504,500
3505,655
3506,45
3507,45
3508,655
3509,655
3510,346
3511,500
3512,45
3513,655
3514,655
3515,347
3516,500
3517,348
3518,8
3519,45
3520,500
3521,349
3522,655
3523,655
3524,655
3525,45
3526,655
3527,655
3528,45
3529,655
3530,655
3531,410
3532,350
3533,351
3534,352
3535,655
3536,655
3537,353
3538,655
3539,500
3540,655
3541,419
3542,500
3543,36
3544,655
3545,655
3546,45
3547,655
3548,655
3549,500
3550,493
3551,354
3552,655
3553,45
3554,355
3555,356
3556,655
3557,296
3558,8
3559,45
3560,500
3561,500
3562,500
3563,500
3564,655
3565,655
3566,500
3567,655
3568,655
3569,45
3570,655
3571,655
3572,36
3573,655
3574,655
3575,419
3576,45
3577,8
3578,419
3579,655
3580,45
3581,45
3582,655
3583,655
3584,655
3585,655
3586,500
3587,45
3588,655
3589,357
3590,655
3591,358
3592,500
3593,655
3594,500
3595,500
3596,45
3597,655
3598,36
3599,508
3600,500
3601,45
3602,45
3603,45
3604,45
3605,45
3606,500
3607,500
3608,45
3609,500
3610,655
3611,45
3612,45
3613,359
3614,360
3615,45
3616,500
3617,500
3618,361
3619,45
3620,45
3621,655
3622,655
3623,45
3624,655
3625,500
3626,95
3627,655
3628,362
3629,500
3630,655
3631,363
3632,45
3633,500
3634,45
3635,655
3636,45
3637,45
3638,45
3639,500
3640,655
3641,364
3642,655
3643,655
3644,45
3645,500
3646,655
3647,365
3648,655
3649,655
3650,45
3651,655
3652,366
3653,655
3654,367
3655,655
3656,500
3657,500
3658,655
3659,368
3660,45
3661,655
3662,500
3663,45
3664,500
3665,327
3666,45
3667,655
3668,45
3669,45
3670,369
3671,655
3672,500
3673,655
3674,370
3675,655
3676,500
3677,371
3678,508
3679,45
3680,655
3681,655
3682,655
3683,655
3684,500
3685,500
3686,372
3687,655
3688,655
3689,500
3690,655
3691,373
3692,410
3693,655
3694,45
3695,655
3696,410
3697,374
3698,500
3699,500
3700,655
3701,248
3702,655
3703,655
3704,655
3705,375
3706,655
3707,655
3708,122
3709,45
3710,500
3711,45
3712,508
3713,376
3714,182
3715,45
3716,655
3717,655
3718,45
3719,377
3720,500
3721,655
3722,45
3723,45
3724,655
3725,655
3726,419
3727,655
3728,655
3729,655
3730,655
3731,655
3732,655
3733,378
3734,655
3735,45
3736,655
3737,500
3738,379
3739,655
3740,45
3741,655
3742,36
3743,45
3744,45
3745,380
3746,45
3747,381
3748,500
3749,45
3750,655
3751,382
3752,500
3753,45
3754,95
3755,655
3756,13
3757,655
3758,655
3759,327
3760,64
3761,655
3762,383
3763,45
3764,655
3765,655
3766,655
3767,655
3768,655
3769,655
3770,500
3771,419
3772,655
3773,384
3774,248
3775,500
3776,500
3777,385
3778,45
3779,655
3780,655
3781,386
3782,36
3783,655
3784,655
3785,45
3786,45
3787,95
3788,655
3789,655
3790,45
3791,419
3792,655
3793,45
3794,387
3795,655
3796,655
3797,655
3798,655
3799,36
3800,388
3801,500
3802,655
3803,389
3804,8
3805,327
3806,655
3807,45
3808,655
3809,390
3810,330
3811,391
3812,655
3813,500
3814,45
3815,655
3816,12
3817,655
3818,683
3819,392
3820,500
3821,393
3822,45
3823,498
3824,394
3825,395
3826,655
3827,655
3828,655
3829,655
3830,396
3831,500
3832,45
3833,248
3834,69
3835,655
3836,655
3837,105
3838,655
3839,397
3840,45
3841,398
3842,655
3843,399
3844,500
3845,8
3846,500
3847,45
3848,655
3849,36
3850,45
3851,655
3852,655
3853,45
3854,45
3855,95
3856,508
3857,400
3858,45
3859,296
3860,655
3861,655
3862,401
3863,45
3864,45
3865,45
3866,655
3867,45
3868,655
3869,655
3870,45
3871,655
3872,655
3873,95
3874,402
3875,655
3876,655
3877,655
3878,45
3879,182
3880,45
3881,655
3882,403
3883,500
3884,45
3885,36
3886,500
3887,404
3888,655
3889,419
3890,405
3891,45
3892,655
3893,45
3894,500
3895,500
3896,655
3897,45
3898,655
3899,655
3900,500
3901,419
3902,655
3903,655
3904,8
3905,45
3906,655
3907,45
3908,500
3909,500
3910,45
3911,36
3912,500
3913,406
3914,500
3915,655
3916,407
3917,655
3918,500
3919,500
3920,655
3921,45
3922,655
3923,655
3924,45
3925,45
3926,45
3927,655
3928,45
3929,655
3930,655
3931,655
3932,36
3933,500
3934,655
3935,8
3936,655
3937,45
3938,500
3939,655
3940,408
3941,45
3942,409
3943,500
3944,410
3945,655
3946,500
3947,45
3948,327
3949,655
3950,45
3951,500
3952,655
3953,45
3954,655
3955,500
3956,411
3957,45
3958,45
3959,655
3960,500
3961,655
3962,655
3963,45
3964,508
3965,8
3966,655
3967,655
3968,655
3969,655
3970,655
3971,36
3972,508
3973,655
3974,498
3975,412
3976,45
3977,45
3978,45
3979,500
3980,8
3981,45
3982,45
3983,45
3984,655
3985,45
3986,655
3987,500
3988,413
3989,306
3990,45
3991,655
3992,500
3993,500
3994,45
3995,508
3996,414
3997,45
3998,500
3999,655
4000,655
4001,655
4002,655
4003,500
4004,415
4005,8
4006,500
4007,655
4008,416
4009,655
4010,45
4011,655
4012,40
4013,655
4014,417
4015,418
4016,655
4017,655
4018,655
4019,45
4020,500
4021,655
4022,45
4023,419
4024,45
4025,45
4026,655
4027,655
4028,45
4029,500
4030,45
4031,655
4032,655
4033,508
4034,45
4035,500
4036,275
4037,655
4038,655
4039,655
4040,655
4041,420
4042,95
4043,500
4044,45
4045,655
4046,45
4047,655
4048,45
4049,655
4050,45
4051,500
4052,655
4053,655
4054,655
4055,500
4056,500
4057,500
4058,45
4059,421
4060,45
4061,655
4062,45
4063,8
4064,45
4065,349
4066,655
4067,655
4068,45
4069,500
4070,655
4071,655
4072,327
4073,95
4074,655
4075,8
4076,655
4077,36
4078,45
4079,45
4080,45
4081,655
4082,508
4083,422
4084,45
4085,655
4086,655
4087,655
4088,655
4089,655
4090,248
4091,655
4092,655
4093,45
4094,8
4095,45
4096,655
4097,45
4098,36
4099,45
4100,423
4101,655
4102,424
4103,655
4104,45
4105,655
4106,45
4107,655
4108,500
4109,655
4110,655
4111,17
4112,500
4113,36
4114,45
4115,425
4116,655
4117,655
4118,426
4119,419
4120,500
4121,655
4122,45
4123,655
4124,655
4125,655
4126,655
4127,45
4128,500
4129,655
4130,655
4131,45
4132,45
4133,90
4134,45
4135,12
4136,500
4137,655
4138,241
4139,427
4140,508
4141,500
4142,45
4143,655
4144,655
4145,655
4146,428
4147,45
4148,429
4149,45
4150,655
4151,655
4152,655
4153,655
4154,430
4155,45
4156,36
4157,655
4158,45
4159,45
4160,500
4161,431
4162,655
4163,508
4164,45
4165,432
4166,95
4167,655
4168,655
4169,433
4170,655
4171,327
4172,500
4173,45
4174,500
4175,500
4176,500
4177,500
4178,655
4179,419
4180,500
4181,45
4182,500
4183,434
4184,12
4185,655
4186,655
4187,45
4188,508
4189,45
4190,435
4191,436
4192,508
4193,8
4194,655
4195,655
4196,655
4197,349
4198,655
4199,437
4200,655
4201,438
4202,45
4203,439
4204,45
4205,248
4206,45
4207,500
4208,525
4209,500
4210,440
4211,45
4212,12
4213,655
4214,655
4215,655
4216,655
4217,655
4218,45
4219,655
4220,508
4221,45
4222,45
4223,441
4224,500
4225,45
4226,655
4227,655
4228,500
4229,442
4230,359
4231,45
4232,8
4233,655
4234,655
4235,655
4236,655
4237,655
4238,655
4239,500
4240,176
4241,655
4242,419
4243,655
4244,45
4245,45
4246,422
4247,419
4248,464
4249,419
4250,655
4251,655
4252,500
4253,45
4254,45
4255,45
4256,443
4257,95
4258,655
4259,45
4260,655
4261,500
4262,500
4263,655
4264,444
4265,655
4266,655
4267,500
4268,655
4269,655
4270,45
4271,655
4272,655
4273,45
4274,445
4275,655
4276,45
4277,655
4278,36
4279,655
4280,500
4281,45
4282,655
4283,500
4284,45
4285,500
4286,655
4287,655
4288,655
4289,45
4290,500
4291,500
4292,655
4293,419
4294,655
4295,655
4296,655
4297,248
4298,446
4299,655
4300,284
4301,500
4302,500
4303,410
4304,45
4305,8
4306,500
4307,655
4308,500
4309,508
4310,36
4311,655
4312,112
4313,45
4314,655
4315,45
4316,500
4317,500
4318,45
4319,655
4320,447
4321,419
4322,45
4323,248
4324,36
4325,419
4326,448
4327,45
4328,45
4329,410
4330,500
4331,40
4332,45
4333,45
4334,500
4335,449
4336,655
4337,655
4338,655
4339,655
4340,332
4341,655
4342,655
4343,450
4344,500
4345,655
4346,45
4347,45
4348,655
4349,36
4350,500
4351,655
4352,655
4353,419
4354,655
4355,45
4356,655
4357,655
4358,591
4359,655
4360,451
4361,500
4362,655
4363,655
4364,655
4365,655
4366,500
4367,655
4368,45
4369,452
4370,45
4371,500
4372,500
4373,45
4374,655
4375,45
4376,453
4377,500
4378,655
4379,8
4380,655
4381,45
4382,500
4383,90
4384,655
4385,454
4386,655
4387,655
4388,500
4389,655
4390,655
4391,655
4392,500
4393,500
4394,455
4395,312
4396,327
4397,8
4398,45
4399,655
4400,655
4401,45
4402,655
4403,655
4404,655
4405,500
4406,45
4407,500
4408,36
4409,508
4410,419
4411,45
4412,655
4413,456
4414,126
4415,655
4416,655
4417,655
4418,655
4419,655
4420,45
4421,655
4422,457
4423,655
4424,8
4425,655
4426,45
4427,655
4428,655
4429,655
4430,655
4431,655
4432,655
4433,45
4434,500
4435,500
4436,655
4437,655
4438,655
4439,45
4440,655
4441,500
4442,12
4443,284
4444,95
4445,45
4446,312
4447,45
4448,458
4449,655
4450,500
4451,36
4452,655
4453,655
4454,36
4455,45
4456,45
4457,36
4458,655
4459,655
4460,8
4461,88
4462,655
4463,45
4464,500
4465,45
4466,500
4467,655
4468,45
4469,45
4470,45
4471,459
4472,655
4473,655
4474,655
4475,620
4476,45
4477,45
4478,500
4479,460
4480,45
4481,500
4482,45
4483,45
4484,500
4485,45
4486,655
4487,461
4488,500
4489,45
4490,655
4491,655
4492,655
4493,8
4494,462
4495,655
4496,655
4497,45
4498,500
4499,500
4500,500
4501,45
4502,45
4503,463
4504,655
4505,36
4506,45
4507,655
4508,500
4509,464
4510,45
4511,655
4512,655
4513,655
4514,465
4515,655
4516,508
4517,45
4518,45
4519,36
4520,45
4521,466
4522,655
4523,36
4524,45
4525,655
4526,500
4527,655
4528,8
4529,45
4530,655
4531,655
4532,655
4533,500
4534,655
4535,655
4536,45
4537,655
4538,508
4539,45
4540,655
4541,500
4542,655
4543,45
4544,655
4545,500
4546,45
4547,45
4548,655
4549,45
4550,467
4551,500
4552,655
4553,36
4554,655
4555,227
4556,13
4557,655
4558,655
4559,172
4560,655
4561,655
4562,468
4563,8
4564,17
4565,655
4566,45
4567,655
4568,655
4569,45
4570,469
4571,90
4572,655
4573,470
4574,655
4575,655
4576,655
4577,95
4578,45
4579,69
4580,296
4581,655
4582,655
4583,471
4584,655
4585,45
4586,472
4587,45
4588,112
4589,95
4590,655
4591,655
4592,500
4593,95
4594,473
4595,474
4596,475
4597,655
4598,476
4599,655
4600,477
4601,655
4602,478
4603,655
4604,655
4605,479
4606,45
4607,655
4608,500
4609,45
4610,655
4611,655
4612,480
4613,45
4614,8
4615,500
4616,500
4617,481
4618,655
4619,655
4620,500
4621,655
4622,655
4623,482
4624,655
4625,45
4626,655
4627,112
4628,45
4629,483
4630,36
4631,655
4632,45
4633,45
4634,655
4635,45
4636,655
4637,36
4638,484
4639,508
4640,500
4641,655
4642,485
4643,500
4644,500
4645,13
4646,486
4647,500
4648,45
4649,500
4650,500
4651,655
4652,45
4653,45
4654,655
4655,45
4656,487
4657,655
4658,655
4659,508
4660,45
4661,488
4662,489
4663,45
4664,500
4665,655
4666,500
4667,655
4668,655
4669,45
4670,45
4671,8
4672,45
4673,655
4674,45
4675,45
4676,655
4677,45
4678,500
4679,36
4680,45
4681,45
4682,500
4683,655
4684,500
4685,655
4686,45
4687,490
4688,655
4689,45
4690,500
4691,655
4692,419
4693,45
4694,12
4695,655
4696,655
4697,434
4698,500
4699,655
4700,45
4701,410
4702,655
4703,655
4704,655
4705,500
4706,500
4707,45
4708,655
4709,655
4710,8
4711,655
4712,36
4713,95
4714,655
4715,655
4716,69
4717,500
4718,655
4719,491
4720,410
4721,655
4722,112
4723,45
4724,492
4725,655
4726,655
4727,655
4728,45
4729,655
4730,44
4731,655
4732,655
4733,45
4734,655
4735,3
4736,500
4737,80
4738,655
4739,8
4740,655
4741,500
4742,45
4743,500
4744,500
4745,655
4746,500
4747,419
4748,45
4749,45
4750,655
4751,655
4752,45
4753,493
4754,655
4755,500
4756,655
4757,45
4758,655
4759,655
4760,500
4761,349
4762,655
4763,655
4764,655
4765,655
4766,655
4767,655
4768,655
4769,500
4770,655
4771,655
4772,494
4773,655
4774,8
4775,655
4776,45
4777,500
4778,36
4779,655
4780,655
4781,500
4782,655
4783,419
4784,655
4785,45
4786,88
4787,495
4788,655
4789,496
4790,655
4791,508
4792,69
4793,45
4794,655
4795,500
4796,45
4797,655
4798,655
4799,45
4800,500
4801,655
4802,655
4803,36
4804,95
4805,655
4806,500
4807,655
4808,45
4809,655
4810,655
4811,508
4812,655
4813,655
4814,655
4815,36
4816,500
4817,655
4818,45
4819,45
4820,8
4821,500
4822,655
4823,497
4824,655
4825,500
4826,45
4827,655
4828,349
4829,655
4830,500
4831,45
4832,655
4833,655
4834,45
4835,45
4836,655
4837,45
4838,45
4839,655
4840,498
4841,419
4842,655
4843,500
4844,45
4845,500
4846,45
4847,655
4848,499
4849,655
4850,500
4851,45
4852,655
4853,655
4854,655
4855,655
4856,500
4857,95
4858,45
4859,655
4860,45
4861,8
4862,655
4863,69
4864,655
4865,655
4866,655
4867,500
4868,501
4869,655
4870,500
4871,502
4872,655
4873,503
4874,655
4875,655
4876,655
4877,45
4878,655
4879,655
4880,45
4881,655
4882,655
4883,655
4884,500
4885,500
4886,504
4887,45
4888,500
4889,45
4890,655
4891,655
4892,655
4893,40
4894,12
4895,500
4896,655
4897,500
4898,655
4899,45
4900,45
4901,655
4902,36
4903,500
4904,655
4905,500
4906,655
4907,500
4908,95
4909,655
4910,45
4911,508
4912,655
4913,508
4914,655
4915,36
4916,655
4917,419
4918,45
4919,410
4920,45
4921,36
4922,500
4923,45
4924,655
4925,655
4926,327
4927,500
4928,500
4929,45
4930,655
4931,45
4932,655
4933,655
4934,500
4935,45
4936,505
4937,655
4938,506
4939,45
4940,655
4941,45
4942,95
4943,508
4944,8
4945,500
4946,45
4947,500
4948,45
4949,500
4950,500
4951,45
4952,655
4953,45
4954,655
4955,507
4956,655
4957,45
4958,8
4959,80
4960,349
4961,655
4962,655
4963,508
4964,45
4965,655
4966,45
4967,508
4968,655
4969,655
4970,45
4971,655
4972,45
4973,45
4974,655
4975,509
4976,655
4977,655
4978,500
4979,500
4980,500
4981,655
4982,500
4983,655
4984,45
4985,510
4986,511
4987,655
4988,655
4989,95
4990,45
4991,12
4992,655
4993,655
4994,655
4995,45
4996,655
4997,500
4998,419
4999,655
5000,45
5001,655
5002,500
5003,500
5004,327
5005,88
5006,655
5007,500
5008,655
5009,655
5010,655
5011,655
5012,45
5013,655
5014,655
5015,112
5016,655
5017,655
5018,655
5019,500
5020,655
5021,512
5022,45
5023,12
5024,513
5025,45
5026,45
5027,655
5028,45
5029,500
5030,45
5031,655
5032,45
5033,248
5034,36
5035,514
5036,655
5037,515
5038,45
5039,500
5040,45
5041,45
5042,45
5043,45
5044,655
5045,419
5046,655
5047,45
5048,655
5049,516
5050,655
5051,655
5052,517
5053,45
5054,500
5055,500
5056,655
5057,655
5058,655
5059,655
5060,655
5061,419
5062,500
5063,500
5064,655
5065,45
5066,655
5067,655
5068,655
5069,419
5070,518
5071,655
5072,500
5073,655
5074,655
5075,655
5076,655
5077,655
5078,500
5079,500
5080,655
5081,36
5082,500
5083,45
5084,655
5085,655
5086,655
5087,655
5088,655
5089,655
5090,655
5091,519
5092,500
5093,520
5094,655
5095,419
5096,419
5097,36
5098,500
5099,655
5100,45
5101,500
5102,655
5103,655
5104,500
5105,655
5106,45
5107,521
5108,45
5109,45
5110,655
5111,45
5112,655
5113,45
5114,88
5115,655
5116,655
5117,500
5118,522
5119,500
5120,500
5121,36
5122,45
5123,45
5124,45
5125,45
5126,45
5127,655
5128,655
5129,45
5130,534
5131,500
5132,655
5133,419
5134,45
5135,45
5136,95
5137,45
5138,45
5139,88
5140,655
5141,655
5142,655
5143,523
5144,655
5145,45
5146,45
5147,45
5148,306
5149,655
5150,655
5151,508
5152,45
5153,655
5154,45
5155,8
5156,524
5157,655
5158,500
5159,655
5160,525
5161,655
5162,655
5163,655
5164,45
5165,45
5166,655
5167,655
5168,500
5169,655
5170,569
5171,655
5172,655
5173,500
5174,655
5175,45
5176,655
5177,655
5178,45
5179,500
5180,440
5181,655
5182,127
5183,655
5184,500
5185,45
5186,655
5187,508
5188,45
5189,655
5190,45
5191,655
5192,655
5193,45
5194,45
5195,500
5196,655
5197,69
5198,526
5199,655
5200,36
5201,500
5202,508
5203,655
5204,8
5205,45
5206,655
5207,655
5208,500
5209,498
5210,655
5211,655
5212,500
5213,655
5214,500
5215,45
5216,327
5217,419
5218,655
5219,45
5220,88
5221,500
5222,45
5223,655
5224,6
5225,8
5226,45
5227,45
5228,655
5229,8
5230,45
5231,45
5232,655
5233,500
5234,45
5235,500
5236,655
5237,527
5238,45
5239,45
5240,508
5241,655
5242,655
5243,45
5244,136
5245,655
5246,528
5247,529
5248,655
5249,655
5250,500
5251,330
5252,419
5253,655
5254,500
5255,500
5256,36
5257,655
5258,655
5259,36
5260,655
5261,655
5262,95
5263,530
5264,422
5265,655
5266,500
5267,655
5268,655
5269,655
5270,500
5271,500
5272,655
5273,655
5274,500
5275,45
5276,45
5277,655
5278,500
5279,500
5280,45
5281,655
5282,500
5283,531
5284,45
5285,45
5286,500
5287,45
5288,655
5289,8
5290,655
5291,36
5292,655
5293,500
5294,532
5295,655
5296,655
5297,45
5298,655
5299,508
5300,45
5301,655
5302,90
5303,655
5304,45
5305,533
5306,655
5307,534
5308,95
5309,535
5310,500
5311,500
5312,45
5313,655
5314,45
5315,536
5316,64
5317,655
5318,537
5319,655
5320,655
5321,410
5322,36
5323,45
5324,466
5325,500
5326,655
5327,45
5328,500
5329,655
5330,500
5331,655
5332,8
5333,45
5334,45
5335,45
5336,538
5337,655
5338,377
5339,508
5340,655
5341,655
5342,655
5343,655
5344,500
5345,655
5346,500
5347,539
5348,45
5349,655
5350,12
5351,45
5352,500
5353,45
5354,45
5355,500
5356,655
5357,655
5358,36
5359,45
5360,500
5361,655
5362,126
5363,8
5364,655
5365,500
5366,500
5367,36
5368,419
5369,655
5370,655
5371,45
5372,248
5373,500
5374,45
5375,655
5376,655
5377,540
5378,655
5379,45
5380,500
5381,541
5382,45
5383,655
5384,542
5385,655
5386,500
5387,508
5388,655
5389,500
5390,655
5391,655
5392,45
5393,655
5394,655
5395,45
5396,655
5397,45
5398,655
5399,655
5400,500
5401,419
5402,45
5403,500
5404,655
5405,655
5406,36
5407,655
5408,543
5409,36
5410,500
5411,655
5412,655
5413,284
5414,45
5415,45
5416,419
5417,45
5418,655
5419,655
5420,500
5421,6
5422,95
5423,500
5424,544
5425,545
5426,655
5427,45
5428,45
5429,36
5430,45
5431,45
5432,655
5433,655
5434,655
5435,36
5436,655
5437,655
5438,45
5439,327
5440,655
5441,655
5442,500
5443,127
5444,546
5445,655
5446,45
5447,410
5448,655
5449,655
5450,655
5451,655
5452,655
5453,655
5454,45
5455,500
5456,655
5457,34
5458,500
5459,500
5460,500
5461,655
5462,500
5463,655
5464,500
5465,36
5466,655
5467,547
5468,655
5469,45
5470,655
5471,548
5472,508
5473,655
5474,655
5475,549
5476,550
5477,500
5478,45
5479,655
5480,551
5481,45
5482,95
5483,552
5484,45
5485,553
5486,655
5487,500
5488,655
5489,500
5490,45
5491,655
5492,45
5493,655
5494,500
5495,332
5496,655
5497,655
5498,136
5499,45
5500,655
5501,500
5502,500
5503,655
5504,655
5505,655
5506,554
5507,45
5508,508
5509,655
5510,95
5511,36
5512,655
5513,36
5514,45
5515,655
5516,555
5517,500
5518,349
5519,655
5520,45
5521,112
5522,45
5523,36
5524,655
5525,500
5526,45
5527,500
5528,410
5529,655
5530,36
5531,500
5532,45
5533,655
5534,45
5535,500
5536,556
5537,88
5538,655
5539,45
5540,8
5541,655
5542,45
5543,557
5544,655
5545,8
5546,558
5547,655
5548,45
5549,45
5550,655
5551,655
5552,36
5553,655
5554,655
5555,559
5556,45
5557,655
5558,655
5559,655
5560,45
5561,500
5562,45
5563,45
5564,655
5565,655
5566,655
5567,655
5568,655
5569,45
5570,500
5571,45
5572,419
5573,508
5574,36
5575,45
5576,655
5577,45
5578,655
5579,69
5580,500
5581,36
5582,655
5583,655
5584,327
5585,327
5586,45
5587,655
5588,508
5589,45
5590,45
5591,414
5592,655
5593,655
5594,45
5595,655
5596,655
5597,655
5598,560
5599,77
5600,508
5601,655
5602,561
5603,45
5604,655
5605,655
5606,8
5607,655
5608,45
5609,8
5610,655
5611,500
5612,45
5613,45
5614,45
5615,500
5616,655
5617,500
5618,562
5619,500
5620,508
5621,45
5622,655
5623,36
5624,88
5625,655
5626,248
5627,500
5628,45
5629,655
5630,655
5631,36
5632,500
5633,500
5634,500
5635,655
5636,13
5637,12
5638,655
5639,45
5640,563
5641,655
5642,655
5643,655
5644,655
5645,655
5646,564
5647,36
5648,45
5649,95
5650,500
5651,45
5652,45
5653,500
5654,45
5655,45
5656,500
5657,36
5658,45
5659,95
5660,655
5661,655
5662,655
5663,500
5664,655
5665,248
5666,655
5667,500
5668,500
5669,655
5670,45
5671,655
5672,500
5673,500
5674,45
5675,500
5676,500
5677,655
5678,655
5679,45
5680,655
5681,565
5682,500
5683,112
5684,419
5685,500
5686,655
5687,500
5688,655
5689,36
5690,8
5691,566
5692,655
5693,567
5694,655
5695,655
5696,45
5697,248
5698,655
5699,500
5700,45
5701,655
5702,655
5703,655
5704,655
5705,45
5706,45
5707,500
5708,655
5709,568
5710,655
5711,500
5712,655
5713,45
5714,45
5715,45
5716,500
5717,36
5718,655
5719,500
5720,655
5721,45
5722,655
5723,655
5724,12
5725,655
5726,500
5727,655
5728,500
5729,655
5730,569
5731,655
5732,570
5733,45
5734,655
5735,500
5736,508
5737,571
5738,45
5739,349
5740,508
5741,655
5742,655
5743,655
5744,655
5745,655
5746,655
5747,500
5748,572
5749,655
5750,655
5751,655
5752,573
5753,655
5754,655
5755,655
5756,655
5757,45
5758,45
5759,36
5760,574
5761,8
5762,500
5763,575
5764,500
5765,500
5766,500
5767,45
5768,349
5769,36
5770,655
5771,45
5772,45
5773,576
5774,655
5775,500
5776,45
5777,577
5778,655
5779,500
5780,655
5781,655
5782,500
5783,578
5784,579
5785,45
5786,36
5787,500
5788,655
5789,655
5790,45
5791,655
5792,500
5793,45
5794,655
5795,655
5796,580
5797,500
5798,655
5799,45
5800,655
5801,655
5802,45
5803,36
5804,655
5805,36
5806,248
5807,655
5808,45
5809,655
5810,581
5811,655
5812,500
5813,327
5814,655
5815,500
5816,45
5817,45
5818,500
5819,582
5820,500
5821,500
5822,45
5823,45
5824,500
5825,45
5826,500
5827,655
5828,655
5829,655
5830,655
5831,655
5832,45
5833,655
5834,500
5835,655
5836,410
5837,655
5838,45
5839,45
5840,500
5841,583
5842,655
5843,655
5844,45
5845,655
5846,500
5847,655
5848,655
5849,45
5850,655
5851,419
5852,500
5853,500
5854,45
5855,45
5856,655
5857,655
5858,655
5859,655
5860,48
5861,500
5862,655
5863,8
5864,500
5865,655
5866,500
5867,655
5868,655
5869,655
5870,655
5871,95
5872,655
5873,500
5874,655
5875,397
5876,248
5877,584
5878,45
5879,655
5880,69
5881,655
5882,45
5883,500
5884,500
5885,655
5886,585
5887,655
5888,655
5889,586
5890,587
5891,45
5892,8
5893,655
5894,45
5895,655
5896,655
5897,588
5898,655
5899,655
5900,589
5901,655
5902,655
5903,655
5904,655
5905,500
5906,45
5907,45
5908,45
5909,45
5910,655
5911,8
5912,410
5913,655
5914,655
5915,88
5916,45
5917,453
5918,655
5919,45
5920,36
5921,410
5922,655
5923,655
5924,655
5925,655
5926,655
5927,36
5928,45
5929,590
5930,500
5931,45
5932,500
5933,45
5934,655
5935,655
5936,655
5937,655
5938,655
5939,655
5940,45
5941,591
5942,45
5943,655
5944,45
5945,655
5946,36
5947,36
5948,655
5949,500
5950,655
5951,655
5952,45
5953,410
5954,45
5955,592
5956,64
5957,8
5958,45
5959,655
5960,500
5961,45
5962,534
5963,500
5964,655
5965,655
5966,434
5967,655
5968,655
5969,419
5970,655
5971,410
5972,45
5973,500
5974,655
5975,45
5976,655
5977,655
5978,500
5979,8
5980,593
5981,655
5982,45
5983,419
5984,8
5985,655
5986,655
5987,655
5988,88
5989,45
5990,500
5991,45
5992,655
5993,80
5994,45
5995,655
5996,500
5997,45
5998,655
5999,45
6000,500
6001,500
6002,45
6003,457
6004,655
6005,45
6006,655
6007,45
6008,655
6009,45
6010,655
6011,655
6012,655
6013,500
6014,655
6015,228
6016,45
6017,655
6018,655
6019,500
6020,655
6021,45
6022,594
6023,655
6024,45
6025,112
6026,595
6027,596
6028,655
6029,45
6030,306
6031,45
6032,45
6033,95
6034,655
6035,655
6036,597
6037,500
6038,655
6039,8
6040,655
6041,655
6042,655
6043,12
6044,500
6045,45
6046,598
6047,45
6048,45
6049,655
6050,500
6051,655
6052,152
6053,45
6054,655
6055,655
6056,500
6057,500
6058,655
6059,599
6060,248
6061,655
6062,655
6063,45
6064,655
6065,45
6066,655
6067,45
6068,600
6069,8
6070,45
6071,655
6072,500
6073,601
6074,655
6075,655
6076,655
6077,112
6078,80
6079,45
6080,655
6081,602
6082,45
6083,45
6084,73
6085,45
6086,45
6087,45
6088,69
6089,655
6090,655
6091,45
6092,603
6093,655
6094,45
6095,655
6096,655
6097,655
6098,45
6099,500
6100,8
6101,655
6102,655
6103,655
6104,45
6105,45
6106,655
6107,604
6108,655
6109,655
6110,45
6111,36
6112,655
6113,45
6114,655
6115,45
6116,95
6117,248
6118,508
6119,500
6120,655
6121,655
6122,45
6123,400
6124,500
6125,500
6126,248
6127,500
6128,500
6129,45
6130,655
6131,655
6132,655
6133,500
6134,45
6135,655
6136,655
6137,605
6138,606
6139,607
6140,655
6141,655
6142,655
6143,45
6144,655
6145,500
6146,655
6147,45
6148,45
6149,655
6150,655
6151,45
6152,655
6153,608
6154,45
6155,500
6156,45
6157,500
6158,45
6159,306
6160,36
6161,609
6162,80
6163,655
6164,45
6165,8
6166,610
6167,611
6168,655
6169,655
6170,34
6171,45
6172,8
6173,45
6174,45
6175,45
6176,612
6177,655
6178,500
6179,655
6180,655
6181,500
6182,500
6183,500
6184,655
6185,655
6186,655
6187,613
6188,349
6189,655
6190,614
6191,655
6192,615
6193,36
6194,655
6195,655
6196,500
6197,655
6198,500
6199,655
6200,655
6201,45
6202,45
6203,655
6204,500
6205,45
6206,655
6207,655
6208,655
6209,616
6210,655
6211,655
6212,45
6213,440
6214,655
6215,500
6216,617
6217,655
6218,88
6219,618
6220,655
6221,500
6222,422
6223,655
6224,655
6225,655
6226,45
6227,8
6228,655
6229,655
6230,45
6231,655
6232,500
6233,419
6234,655
6235,655
6236,95
6237,500
6238,655
6239,45
6240,619
6241,655
6242,655
6243,88
6244,45
6245,8
6246,620
6247,500
6248,45
6249,621
6250,622
6251,655
6252,500
6253,500
6254,45
6255,623
6256,45
6257,500
6258,500
6259,500
6260,36
6261,655
6262,45
6263,45
6264,624
6265,655
6266,45
6267,45
6268,45
6269,45
6270,500
6271,655
6272,655
6273,655
6274,655
6275,8
6276,45
6277,655
6278,655
6279,500
6280,655
6281,655
6282,500
6283,45
6284,655
6285,655
6286,655
6287,45
6288,45
6289,655
6290,655
6291,655
6292,655
6293,45
6294,655
6295,655
6296,655
6297,500
6298,655
6299,655
6300,655
6301,655
6302,306
6303,625
6304,8
6305,626
6306,45
6307,45
6308,655
6309,508
6310,655
6311,655
6312,655
6313,533
6314,45
6315,655
6316,45
6317,45
6318,45
6319,36
6320,410
6321,500
6322,655
6323,655
6324,500
6325,655
6326,45
6327,655
6328,655
6329,627
6330,655
6331,655
6332,655
6333,655
6334,45
6335,500
6336,500
6337,655
6338,45
6339,655
6340,45
6341,500
6342,248
6343,655
6344,655
6345,655
6346,500
6347,3
6348,628
6349,45
6350,69
6351,655
6352,500
6353,655
6354,655
6355,629
6356,500
6357,45
6358,500
6359,655
6360,110
6361,630
6362,655
6363,655
6364,631
6365,45
6366,500
6367,500
6368,632
6369,655
6370,45
6371,655
6372,633
6373,45
6374,655
6375,45
6376,655
6377,45
6378,655
6379,634
6380,635
6381,500
6382,500
6383,8
6384,45
6385,500
6386,655
6387,655
6388,655
6389,655
6390,45
6391,13
6392,45
6393,95
6394,655
6395,655
6396,105
6397,655
6398,655
6399,45
6400,45
6401,655
6402,655
6403,45
6404,655
6405,636
6406,500
6407,349
6408,655
6409,655
6410,655
6411,508
6412,45
6413,655
6414,655
6415,655
6416,500
6417,655
6418,45
6419,655
6420,655
6421,655
6422,45
6423,36
6424,500
6425,655
6426,637
6427,36
6428,638
6429,655
6430,500
6431,45
6432,45
6433,655
6434,500
6435,655
6436,639
6437,655
6438,655
6439,45
6440,655
6441,45
6442,655
6443,419
6444,45
6445,45
6446,419
6447,45
6448,655
6449,45
6450,500
6451,655
6452,45
6453,640
6454,419
6455,45
6456,45
6457,655
6458,500
6459,12
6460,45
6461,641
6462,642
6463,655
6464,90
6465,655
6466,655
6467,500
6468,45
6469,500
6470,655
6471,643
6472,12
6473,655
6474,45
6475,655
6476,45
6477,655
6478,655
6479,147
6480,655
6481,500
6482,655
6483,655
6484,410
6485,500
6486,655
6487,45
6488,500
6489,655
6490,466
6491,45
6492,500
6493,655
6494,644
6495,45
6496,45
6497,45
6498,655
6499,655
6500,655
6501,45
6502,500
6503,45
6504,45
6505,655
6506,45
6507,69
6508,45
6509,655
6510,45
6511,45
6512,95
6513,655
6514,655
6515,655
6516,45
6517,45
6518,45
6519,655
6520,655
6521,645
6522,655
6523,655
6524,655
6525,655
6526,45
6527,646
6528,647
6529,500
6530,45
6531,655
6532,327
6533,655
6534,45
6535,655
6536,30
6537,655
6538,655
6539,655
6540,45
6541,655
6542,500
6543,45
6544,36
6545,655
6546,45
6547,655
6548,45
6549,500
6550,500
6551,500
6552,648
6553,655
6554,45
6555,649
6556,655
6557,655
6558,655
6559,45
6560,655
6561,45
6562,500
6563,655
6564,650
6565,45
6566,655
6567,651
6568,655
6569,655
6570,500
6571,655
6572,655
6573,652
6574,655
6575,653
6576,8
6577,45
6578,8
6579,654
6580,655
6581,655
6582,655
6583,655
6584,655
6585,655
6586,655
6587,655
6588,500
6589,655
6590,655
6591,655
6592,45
6593,655
6594,656
6595,655
6596,655
6597,655
6598,655
6599,45
6600,500
6601,45
6602,655
6603,95
6604,90
6605,655
6606,655
6607,596
6608,45
6609,36
6610,45
6611,655
6612,655
6613,36
6614,45
6615,655
6616,655
6617,655
6618,45
6619,500
6620,655
6621,45
6622,657
6623,658
6624,500
6625,655
6626,500
6627,45
6628,655
6629,655
6630,36
6631,655
6632,618
6633,655
6634,655
6635,500
6636,655
6637,655
6638,45
6639,655
6640,655
6641,45
6642,655
6643,45
6644,655
6645,655
6646,45
6647,500
6648,655
6649,45
6650,655
6651,655
6652,655
6653,36
6654,655
6655,45
6656,500
6657,8
6658,655
6659,655
6660,508
6661,500
6662,45
6663,500
6664,500
6665,655
6666,655
6667,655
6668,655
6669,45
6670,500
6671,659
6672,508
6673,655
6674,419
6675,655
6676,95
6677,655
6678,327
6679,655
6680,655
6681,500
6682,655
6683,655
6684,660
6685,88
6686,45
6687,349
6688,655
6689,45
6690,525
6691,655
6692,8
6693,500
6694,655
6695,500
6696,655
6697,64
6698,45
6699,655
6700,655
6701,655
6702,661
6703,655
6704,655
6705,655
6706,136
6707,45
6708,655
6709,655
6710,8
6711,662
6712,419
6713,327
6714,655
6715,655
6716,45
6717,655
6718,655
6719,655
6720,655
6721,655
6722,663
6723,12
6724,500
6725,655
6726,664
6727,45
6728,45
6729,655
6730,45
6731,45
6732,655
6733,655
6734,45
6735,500
6736,36
6737,655
6738,655
6739,655
6740,655
6741,665
6742,666
6743,419
6744,667
6745,45
6746,327
6747,655
6748,36
6749,655
6750,500
6751,500
6752,45
6753,655
6754,45
6755,668
6756,500
6757,669
6758,655
6759,670
6760,655
6761,45
6762,45
6763,45
6764,655
6765,419
6766,45
6767,45
6768,8
6769,671
6770,655
6771,655
6772,45
6773,95
6774,500
6775,672
6776,45
6777,655
6778,45
6779,45
6780,546
6781,655
6782,655
6783,655
6784,45
6785,673
6786,45
6787,674
6788,8
6789,655
6790,655
6791,675
6792,45
6793,655
6794,655
6795,45
6796,655
6797,655
6798,655
6799,676
6800,655
6801,655
6802,419
6803,655
6804,45
6805,500
6806,655
6807,655
6808,500
6809,45
6810,655
6811,655
6812,45
6813,655
6814,677
6815,678
6816,36
6817,500
6818,45
6819,45
6820,500
6821,655
6822,45
6823,679
6824,680
6825,655
6826,655
6827,655
6828,655
6829,248
6830,410
6831,655
6832,45
6833,655
6834,655
6835,36
6836,655
6837,275
6838,655
6839,655
6840,681
6841,45
6842,655
6843,45
6844,500
6845,655
6846,655
6847,682
6848,655
6849,248
6850,45
6851,311
6852,500
6853,500
6854,419
6855,500
6856,45
6857,45
6858,12
6859,655
6860,683
6861,684
6862,45
6863,349
6864,500
6865,45
6866,500
6867,655
6868,45
6869,45
6870,508
6871,45
6872,655
6873,655
6874,655
6875,655
6876,410
6877,655
6878,685
6879,655
6880,110
6881,95
6882,655
6883,655
6884,655
6885,327
6886,655
6887,655
6888,686
6889,655
6890,500
6891,655
6892,45
6893,655
6894,8
6895,655
6896,500
6897,655
6898,655
6899,500
6900,655
6901,655
6902,127
6903,500
6904,500
6905,45
6906,45
6907,45
6908,655
6909,687
6910,45
6911,287
6912,655
6913,45
6914,655
6915,655
6916,45
6917,8
6918,655
6919,655
6920,655
6921,655
6922,45
6923,500
6924,466
6925,688
6926,655
6927,655
6928,8
6929,45
6930,655
6931,689
6932,655
6933,655
6934,500
6935,655
6936,655
6937,45
6938,45
6939,508
6940,655
6941,12
6942,95
6943,655
6944,655
6945,655
6946,8
6947,45
6948,500
6949,655
6950,655
6951,419
6952,480
6953,45
6954,690
6955,500
6956,8
6957,655
6958,500
6959,655
6960,655
6961,655
6962,655
6963,655
6964,45
6965,655
6966,655
6967,45
6968,45
6969,691
6970,500
6971,419
6972,655
6973,655
6974,655
6975,655
6976,45
6977,655
6978,500
6979,655
6980,655
6981,655
6982,500
6983,410
6984,45
6985,655
6986,655
6987,8
6988,500
6989,45
6990,500
6991,45
6992,500
6993,655
6994,655
6995,655
6996,655
6997,500
6998,655
6999,655
7000,36
